gasdate,openprice,highprice,lowprice,closeprice,volume
"2015-11-11 00:00:00",2.332,2.35,2.249,2.263,162914
"2015-11-12 00:00:00",2.265,2.313,2.234,2.26,151541
"2015-11-13 00:00:00",2.285,2.391,2.284,2.361,167723
"2015-11-16 00:00:00",2.449,2.46,2.33,2.385,157363
"2015-11-17 00:00:00",2.333,2.396,2.285,2.371,125018
"2015-11-18 00:00:00",2.368,2.41,2.328,2.347,104245
"2015-11-19 00:00:00",2.328,2.376,2.255,2.276,146821
"2015-11-20 00:00:00",2.26,2.275,2.123,2.145,136869
"2015-11-23 00:00:00",2.111,2.226,2.051,2.21,83260
"2015-11-24 00:00:00",2.206,2.218,2.13,2.2,57912
"2015-11-25 00:00:00",2.196,2.235,2.133,2.206,10361
"2015-11-26 00:00:00",2.301,2.302,2.2365,2.243,0
"2015-11-27 00:00:00",2.289,2.305,2.205,2.212,68463
"2015-11-30 00:00:00",2.175,2.25,2.175,2.235,93354
"2015-12-01 00:00:00",2.23,2.259,2.193,2.231,140269
"2015-12-02 00:00:00",2.221,2.225,2.151,2.165,133512
"2015-12-03 00:00:00",2.174,2.2,2.131,2.181,143065
"2015-12-04 00:00:00",2.198,2.211,2.167,2.186,85242
"2015-12-07 00:00:00",2.159,2.162,2.06,2.067,188741
"2015-12-08 00:00:00",2.068,2.093,2.014,2.07,172495
"2015-12-09 00:00:00",2.08,2.118,2.048,2.062,153581
"2015-12-10 00:00:00",2.065,2.099,1.999,2.015,186400
"2015-12-11 00:00:00",2.003,2.011,1.959,1.99,168113
"2015-12-14 00:00:00",1.913,1.923,1.862,1.894,140549
"2015-12-15 00:00:00",1.9,1.905,1.795,1.822,171961
"2015-12-16 00:00:00",1.804,1.849,1.775,1.79,157968
"2015-12-17 00:00:00",1.825,1.854,1.734,1.755,213109
"2015-12-18 00:00:00",1.738,1.805,1.684,1.767,150915
"2015-12-21 00:00:00",1.836,1.948,1.787,1.911,182619
"2015-12-22 00:00:00",1.929,1.939,1.863,1.888,112282
"2015-12-23 00:00:00",1.912,2.009,1.871,1.983,102217
"2015-12-24 00:00:00",1.994,2.052,1.977,2.029,47512
"2015-12-28 00:00:00",2.082,2.248,2.067,2.228,65772
"2015-12-29 00:00:00",2.238,2.387,2.235,2.372,12457
"2015-12-30 00:00:00",2.322,2.335,2.188,2.214,134926
"2015-12-31 00:00:00",2.273,2.378,2.27,2.337,144665
"2016-01-04 00:00:00",2.366,2.375,2.239,2.334,135238
"2016-01-05 00:00:00",2.29,2.346,2.255,2.325,123923
"2016-01-06 00:00:00",2.345,2.36,2.241,2.267,166278
"2016-01-07 00:00:00",2.29,2.429,2.271,2.382,214462
"2016-01-08 00:00:00",2.397,2.495,2.377,2.472,163907
"2016-01-11 00:00:00",2.446,2.48,2.355,2.396,146842
"2016-01-12 00:00:00",2.362,2.366,2.241,2.257,157603
"2016-01-13 00:00:00",2.263,2.323,2.256,2.269,137810
"2016-01-14 00:00:00",2.274,2.294,2.126,2.139,156658
"2016-01-15 00:00:00",2.144,2.153,2.086,2.1,103815
"2016-01-17 00:00:00",2.0915,2.0915,2.0455,2.0515,0
"2016-01-18 00:00:00",2.052,2.133,2.0445,2.1045,0
"2016-01-19 00:00:00",2.055,2.17,2.044,2.091,133091
"2016-01-20 00:00:00",2.091,2.149,2.067,2.118,106102
"2016-01-21 00:00:00",2.135,2.189,2.08,2.138,161148
"2016-01-22 00:00:00",2.149,2.168,2.112,2.139,92561
"2016-01-25 00:00:00",2.156,2.175,2.081,2.158,59778
"2016-01-26 00:00:00",2.144,2.219,2.128,2.18,47007
"2016-01-27 00:00:00",2.177,2.241,2.161,2.189,11477
"2016-01-28 00:00:00",2.145,2.231,2.088,2.182,183962
"2016-01-29 00:00:00",2.224,2.315,2.218,2.298,181501
"2016-02-01 00:00:00",2.213,2.228,2.127,2.152,174774
"2016-02-02 00:00:00",2.136,2.14,1.976,2.025,215715
"2016-02-03 00:00:00",2.036,2.065,1.992,2.038,124472
"2016-02-04 00:00:00",2.042,2.048,1.954,1.972,153156
"2016-02-05 00:00:00",1.981,2.076,1.981,2.063,165224
"2016-02-08 00:00:00",2.106,2.172,2.105,2.14,197084
"2016-02-09 00:00:00",2.129,2.134,2.065,2.098,144489
"2016-02-10 00:00:00",2.097,2.109,2.017,2.046,147136
"2016-02-11 00:00:00",2.052,2.093,1.98,1.994,163827
"2016-02-12 00:00:00",1.994,2.025,1.951,1.966,102013
"2016-02-14 00:00:00",1.934,1.9525,1.9265,1.937,0
"2016-02-15 00:00:00",1.9355,1.962,1.9115,1.9175,0
"2016-02-16 00:00:00",1.952,1.963,1.879,1.903,135735
"2016-02-17 00:00:00",1.925,1.96,1.893,1.942,108686
"2016-02-18 00:00:00",1.948,1.954,1.849,1.852,144732
"2016-02-19 00:00:00",1.856,1.87,1.794,1.804,110286
"2016-02-22 00:00:00",1.784,1.844,1.767,1.821,92455
"2016-02-23 00:00:00",1.832,1.848,1.773,1.782,54649
"2016-02-24 00:00:00",1.785,1.808,1.761,1.778,41977
"2016-02-25 00:00:00",1.773,1.776,1.682,1.711,11512
"2016-02-26 00:00:00",1.786,1.805,1.731,1.791,115553
"2016-02-29 00:00:00",1.711,1.737,1.69,1.711,173244
"2016-03-01 00:00:00",1.707,1.775,1.685,1.742,192966
"2016-03-02 00:00:00",1.741,1.746,1.657,1.678,128726
"2016-03-03 00:00:00",1.672,1.695,1.63,1.639,139558
"2016-03-04 00:00:00",1.626,1.675,1.611,1.666,100277
"2016-03-07 00:00:00",1.628,1.74,1.612,1.69,158881
"2016-03-08 00:00:00",1.707,1.74,1.678,1.712,147454
"2016-03-09 00:00:00",1.727,1.784,1.715,1.752,160681
"2016-03-10 00:00:00",1.764,1.812,1.733,1.788,183310
"2016-03-11 00:00:00",1.799,1.859,1.792,1.822,135380
"2016-03-14 00:00:00",1.818,1.857,1.771,1.819,111237
"2016-03-15 00:00:00",1.832,1.898,1.808,1.851,137266
"2016-03-16 00:00:00",1.849,1.879,1.82,1.868,112156
"2016-03-17 00:00:00",1.869,1.952,1.83,1.936,172241
"2016-03-18 00:00:00",1.933,1.957,1.881,1.907,122652
"2016-03-21 00:00:00",1.893,1.908,1.808,1.828,139542
"2016-03-22 00:00:00",1.813,1.87,1.796,1.863,116291
"2016-03-23 00:00:00",1.867,1.899,1.777,1.794,121750
"2016-03-24 00:00:00",1.791,1.827,1.772,1.806,64618
"2016-03-28 00:00:00",1.785,1.852,1.766,1.848,55160
"2016-03-29 00:00:00",1.855,1.914,1.821,1.903,10786
"2016-03-30 00:00:00",1.979,2.015,1.963,1.996,116072
"2016-03-31 00:00:00",1.99,2.028,1.93,1.959,184464
"2016-04-01 00:00:00",1.963,1.992,1.925,1.956,115458
"2016-04-04 00:00:00",1.988,2.074,1.976,1.998,158616
"2016-04-05 00:00:00",2.004,2.041,1.931,1.954,136280
"2016-04-06 00:00:00",1.941,1.943,1.897,1.911,123746
"2016-04-07 00:00:00",1.904,2.024,1.892,2.018,214842
"2016-04-08 00:00:00",2.015,2.044,1.986,1.99,163135
"2016-04-11 00:00:00",1.951,1.951,1.907,1.912,158321
"2016-04-12 00:00:00",1.934,2.03,1.922,2.004,175353
"2016-04-13 00:00:00",2.016,2.051,2.002,2.036,164613
"2016-04-14 00:00:00",2.045,2.048,1.957,1.97,147139
"2016-04-15 00:00:00",1.961,1.967,1.885,1.902,137689
"2016-04-18 00:00:00",1.882,1.95,1.872,1.94,128242
"2016-04-19 00:00:00",1.934,2.096,1.925,2.088,179590
"2016-04-20 00:00:00",2.089,2.137,2.054,2.069,189782
"2016-04-21 00:00:00",2.073,2.107,2.053,2.068,147696
"2016-04-22 00:00:00",2.061,2.147,2.034,2.14,155814
"2016-04-25 00:00:00",2.16,2.176,2.043,2.063,66033
"2016-04-26 00:00:00",2.072,2.082,1.993,2.032,55326
"2016-04-27 00:00:00",2.035,2.064,1.95,1.995,14217
"2016-04-28 00:00:00",2.149,2.155,2.054,2.078,181446
"2016-04-29 00:00:00",2.06,2.195,2.042,2.178,228083
"2016-05-02 00:00:00",2.132,2.143,2.026,2.042,161764
"2016-05-03 00:00:00",2.053,2.104,2.041,2.086,125188
"2016-05-04 00:00:00",2.086,2.16,2.061,2.141,131086
"2016-05-05 00:00:00",2.143,2.179,2.068,2.076,148472
"2016-05-06 00:00:00",2.084,2.109,2.045,2.101,128478
"2016-05-09 00:00:00",2.104,2.126,2.08,2.098,109455
"2016-05-10 00:00:00",2.1,2.173,2.091,2.158,137449
"2016-05-11 00:00:00",2.164,2.183,2.114,2.173,154963
"2016-05-12 00:00:00",2.163,2.185,2.125,2.155,144823
"2016-05-13 00:00:00",2.134,2.164,2.075,2.096,169395
"2016-05-16 00:00:00",2.08,2.087,2.023,2.029,122627
"2016-05-17 00:00:00",2.037,2.083,2.03,2.048,114930
"2016-05-18 00:00:00",2.054,2.057,1.994,2.001,129144
"2016-05-19 00:00:00",2.01,2.052,1.952,2.039,175780
"2016-05-20 00:00:00",2.037,2.074,2.015,2.062,108443
"2016-05-23 00:00:00",2.093,2.133,2.05,2.055,106263
"2016-05-24 00:00:00",2.064,2.087,1.976,1.98,80233
"2016-05-25 00:00:00",1.98,2.008,1.955,1.992,54778
"2016-05-26 00:00:00",1.972,1.985,1.909,1.963,14245
"2016-05-27 00:00:00",2.145,2.191,2.101,2.169,124443
"2016-05-29 00:00:00",2.163,2.176,2.155,2.171,0
"2016-05-30 00:00:00",2.171,2.171,2.151,2.166,0
"2016-05-31 00:00:00",2.16,2.303,2.151,2.288,194034
"2016-06-01 00:00:00",2.287,2.386,2.277,2.381,209914
"2016-06-02 00:00:00",2.369,2.424,2.361,2.405,155782
"2016-06-03 00:00:00",2.404,2.454,2.387,2.398,135938
"2016-06-06 00:00:00",2.439,2.48,2.399,2.466,150658
"2016-06-07 00:00:00",2.444,2.491,2.408,2.474,169660
"2016-06-08 00:00:00",2.481,2.501,2.453,2.468,163427
"2016-06-09 00:00:00",2.465,2.63,2.451,2.617,280217
"2016-06-10 00:00:00",2.593,2.609,2.551,2.556,165068
"2016-06-13 00:00:00",2.595,2.635,2.57,2.585,163311
"2016-06-14 00:00:00",2.576,2.621,2.535,2.604,158697
"2016-06-15 00:00:00",2.607,2.634,2.586,2.595,107729
"2016-06-16 00:00:00",2.592,2.639,2.553,2.58,149526
"2016-06-17 00:00:00",2.584,2.656,2.554,2.623,127814
"2016-06-20 00:00:00",2.652,2.759,2.65,2.747,158498
"2016-06-21 00:00:00",2.743,2.786,2.71,2.768,124578
"2016-06-22 00:00:00",2.765,2.775,2.657,2.677,142665
"2016-06-23 00:00:00",2.67,2.72,2.614,2.698,141679
"2016-06-24 00:00:00",2.703,2.703,2.625,2.662,46173
"2016-06-27 00:00:00",2.636,2.736,2.631,2.716,45353
"2016-06-28 00:00:00",2.726,2.934,2.721,2.917,13040
"2016-06-29 00:00:00",2.879,2.974,2.844,2.863,147245
"2016-06-30 00:00:00",2.863,2.945,2.851,2.924,160700
"2016-07-01 00:00:00",2.931,2.998,2.891,2.987,114642
"2016-07-03 00:00:00",2.915,2.915,2.882,2.903,0
"2016-07-04 00:00:00",2.904,2.945,2.886,2.916,0
"2016-07-05 00:00:00",2.915,2.945,2.752,2.764,176555
"2016-07-06 00:00:00",2.768,2.802,2.697,2.786,135881
"2016-07-07 00:00:00",2.803,2.841,2.725,2.777,138168
"2016-07-08 00:00:00",2.758,2.825,2.748,2.801,98786
"2016-07-11 00:00:00",2.819,2.871,2.696,2.702,151030
"2016-07-12 00:00:00",2.717,2.751,2.687,2.734,143029
"2016-07-13 00:00:00",2.738,2.799,2.702,2.737,131498
"2016-07-14 00:00:00",2.751,2.769,2.709,2.727,126994
"2016-07-15 00:00:00",2.73,2.778,2.669,2.756,122444
"2016-07-18 00:00:00",2.775,2.799,2.708,2.722,89832
"2016-07-19 00:00:00",2.733,2.787,2.714,2.728,105285
"2016-07-20 00:00:00",2.722,2.73,2.648,2.658,125798
"2016-07-21 00:00:00",2.665,2.71,2.625,2.692,120585
"2016-07-22 00:00:00",2.688,2.795,2.66,2.777,95596
"2016-07-25 00:00:00",2.779,2.818,2.728,2.747,46357
"2016-07-26 00:00:00",2.733,2.772,2.682,2.712,54031
"2016-07-27 00:00:00",2.691,2.75,2.654,2.672,13341
"2016-07-28 00:00:00",2.673,2.893,2.651,2.873,249336
"2016-07-29 00:00:00",2.857,2.911,2.837,2.876,116827
"2016-08-01 00:00:00",2.84,2.876,2.768,2.771,128411
"2016-08-02 00:00:00",2.774,2.799,2.728,2.733,107781
"2016-08-03 00:00:00",2.734,2.866,2.722,2.839,155704
"2016-08-04 00:00:00",2.842,2.885,2.81,2.834,148296
"2016-08-05 00:00:00",2.829,2.832,2.756,2.772,145174
"2016-08-08 00:00:00",2.749,2.761,2.705,2.748,175884
"2016-08-09 00:00:00",2.738,2.744,2.605,2.615,221206
"2016-08-10 00:00:00",2.619,2.65,2.551,2.561,187743
"2016-08-11 00:00:00",2.57,2.605,2.529,2.551,181826
"2016-08-12 00:00:00",2.535,2.625,2.523,2.586,134470
"2016-08-15 00:00:00",2.565,2.636,2.561,2.59,102325
"2016-08-16 00:00:00",2.591,2.63,2.58,2.617,98534
"2016-08-17 00:00:00",2.627,2.648,2.585,2.619,122020
"2016-08-18 00:00:00",2.615,2.697,2.602,2.674,146982
"2016-08-19 00:00:00",2.66,2.67,2.569,2.584,122687
"2016-08-22 00:00:00",2.596,2.696,2.596,2.679,143253
"2016-08-23 00:00:00",2.671,2.765,2.652,2.761,131600
"2016-08-24 00:00:00",2.761,2.819,2.749,2.796,108008
"2016-08-25 00:00:00",2.79,2.863,2.749,2.846,68929
"2016-08-26 00:00:00",2.84,2.907,2.797,2.871,49829
"2016-08-29 00:00:00",2.847,2.896,2.831,2.853,10334
"2016-08-30 00:00:00",2.893,2.943,2.815,2.827,133443
"2016-08-31 00:00:00",2.834,2.9,2.808,2.887,140178
"2016-09-01 00:00:00",2.879,2.89,2.785,2.792,157509
"2016-09-02 00:00:00",2.805,2.825,2.77,2.792,88815
"2016-09-04 00:00:00",2.764,2.764,2.755,2.758,0
"2016-09-05 00:00:00",2.756,2.77,2.734,2.752,0
"2016-09-06 00:00:00",2.764,2.77,2.708,2.717,126923
"2016-09-07 00:00:00",2.725,2.743,2.665,2.676,139254
"2016-09-08 00:00:00",2.681,2.821,2.679,2.806,212586
"2016-09-09 00:00:00",2.81,2.844,2.783,2.797,149669
"2016-09-12 00:00:00",2.82,2.924,2.82,2.915,189734
"2016-09-13 00:00:00",2.902,2.942,2.887,2.909,140057
"2016-09-14 00:00:00",2.899,2.978,2.852,2.889,175313
"2016-09-15 00:00:00",2.895,2.944,2.834,2.927,152767
"2016-09-16 00:00:00",2.918,2.963,2.866,2.948,123997
"2016-09-19 00:00:00",2.956,2.958,2.89,2.934,106540
"2016-09-20 00:00:00",2.936,3.072,2.935,3.047,172079
"2016-09-21 00:00:00",3.078,3.098,3.029,3.057,129474
"2016-09-22 00:00:00",3.074,3.091,2.981,2.99,132427
"2016-09-23 00:00:00",2.995,3.021,2.933,2.955,93791
"2016-09-26 00:00:00",2.949,3.018,2.943,2.997,44209
"2016-09-27 00:00:00",3.011,3.023,2.977,2.996,45160
"2016-09-28 00:00:00",2.994,2.994,2.905,2.952,8877
"2016-09-29 00:00:00",3.01,3.032,2.956,2.959,131811
"2016-09-30 00:00:00",2.966,2.977,2.892,2.906,168142
"2016-10-03 00:00:00",2.905,2.937,2.866,2.923,126404
"2016-10-04 00:00:00",2.907,2.99,2.878,2.964,145549
"2016-10-05 00:00:00",2.973,3.058,2.922,3.041,171022
"2016-10-06 00:00:00",3.03,3.071,2.972,3.049,202362
"2016-10-07 00:00:00",3.033,3.218,3.015,3.193,283581
"2016-10-10 00:00:00",3.194,3.289,3.154,3.275,204357
"2016-10-11 00:00:00",3.272,3.3,3.209,3.237,187557
"2016-10-12 00:00:00",3.223,3.26,3.184,3.21,171806
"2016-10-13 00:00:00",3.211,3.366,3.164,3.341,267945
"2016-10-14 00:00:00",3.345,3.362,3.264,3.285,166446
"2016-10-17 00:00:00",3.26,3.271,3.211,3.244,128893
"2016-10-18 00:00:00",3.252,3.317,3.248,3.263,116938
"2016-10-19 00:00:00",3.26,3.261,3.144,3.17,156842
"2016-10-20 00:00:00",3.173,3.201,3.101,3.141,161637
"2016-10-21 00:00:00",3.12,3.121,2.955,2.993,170372
"2016-10-24 00:00:00",3.007,3.044,2.827,2.831,162042
"2016-10-25 00:00:00",2.851,2.879,2.755,2.774,99283
"2016-10-26 00:00:00",2.757,2.776,2.627,2.731,83053
"2016-10-27 00:00:00",2.746,2.793,2.684,2.764,14495
"2016-10-28 00:00:00",3.081,3.125,3.016,3.105,157123
"2016-10-31 00:00:00",3.15,3.163,2.978,3.026,154845
"2016-11-01 00:00:00",2.979,3.029,2.85,2.902,228839
"2016-11-02 00:00:00",2.852,2.889,2.769,2.792,193678
"2016-11-03 00:00:00",2.773,2.84,2.725,2.769,170347
"2016-11-04 00:00:00",2.815,2.82,2.741,2.767,120816
"2016-11-07 00:00:00",2.848,2.875,2.781,2.816,141836
"2016-11-08 00:00:00",2.832,2.856,2.607,2.633,211752
"2016-11-09 00:00:00",2.612,2.743,2.546,2.69,209317
"2016-11-10 00:00:00",2.691,2.728,2.575,2.632,185153
"2016-11-11 00:00:00",2.656,2.685,2.555,2.619,162827
"2016-11-14 00:00:00",2.667,2.778,2.644,2.749,138940
"2016-11-15 00:00:00",2.746,2.822,2.694,2.709,150875
"2016-11-16 00:00:00",2.71,2.782,2.669,2.764,125531
"2016-11-17 00:00:00",2.767,2.798,2.681,2.703,140196
"2016-11-18 00:00:00",2.696,2.852,2.69,2.843,134225
"2016-11-21 00:00:00",2.898,2.973,2.891,2.95,112524
"2016-11-22 00:00:00",2.973,3.014,2.913,2.982,112524
"2016-11-23 00:00:00",2.948,3.062,2.915,3.026,65480
"2016-11-24 00:00:00",3.012,3.045,3,3.036,0
"2016-11-25 00:00:00",3.011,3.121,3.001,3.085,36482
"2016-11-28 00:00:00",3.13,3.265,3.13,3.232,13715
"2016-11-29 00:00:00",3.359,3.367,3.277,3.315,163396
"2016-11-30 00:00:00",3.325,3.365,3.285,3.352,168555
"2016-12-01 00:00:00",3.348,3.547,3.316,3.505,210764
"2016-12-02 00:00:00",3.539,3.568,3.378,3.436,168563
"2016-12-05 00:00:00",3.471,3.656,3.45,3.654,192188
"2016-12-06 00:00:00",3.6,3.732,3.574,3.635,225250
"2016-12-07 00:00:00",3.633,3.748,3.556,3.603,252203
"2016-12-08 00:00:00",3.569,3.73,3.503,3.695,233852
"2016-12-09 00:00:00",3.71,3.777,3.661,3.746,206662
"2016-12-12 00:00:00",3.583,3.601,3.472,3.507,245756
"2016-12-13 00:00:00",3.525,3.577,3.448,3.474,163184
"2016-12-14 00:00:00",3.477,3.572,3.444,3.54,140162
"2016-12-15 00:00:00",3.567,3.589,3.394,3.434,190798
"2016-12-16 00:00:00",3.42,3.434,3.343,3.415,120428
"2016-12-19 00:00:00",3.353,3.45,3.33,3.392,119326
"2016-12-20 00:00:00",3.401,3.408,3.242,3.263,165294
"2016-12-21 00:00:00",3.311,3.593,3.307,3.542,169031
"2016-12-22 00:00:00",3.572,3.626,3.497,3.538,119586
"2016-12-23 00:00:00",3.541,3.715,3.534,3.662,58296
"2016-12-26 00:00:00",3.756,3.774,3.751,3.766,0
"2016-12-27 00:00:00",3.736,3.778,3.686,3.761,59667
"2016-12-28 00:00:00",3.735,3.994,3.664,3.93,17262
"2016-12-29 00:00:00",3.872,3.884,3.754,3.802,132571
"2016-12-30 00:00:00",3.8,3.857,3.69,3.724,96920
"2017-01-02 00:00:00",3.56,3.56,3.459,3.5,0
"2017-01-03 00:00:00",3.568,3.568,3.267,3.327,254134
"2017-01-04 00:00:00",3.317,3.358,3.236,3.267,171528
"2017-01-05 00:00:00",3.26,3.346,3.172,3.273,208432
"2017-01-06 00:00:00",3.304,3.358,3.214,3.285,140075
"2017-01-09 00:00:00",3.253,3.275,3.098,3.103,163393
"2017-01-10 00:00:00",3.115,3.327,3.11,3.278,178594
"2017-01-11 00:00:00",3.274,3.352,3.213,3.224,145250
"2017-01-12 00:00:00",3.295,3.45,3.294,3.386,202396
"2017-01-13 00:00:00",3.397,3.435,3.332,3.419,155200
"2017-01-15 00:00:00",3.474,3.479,3.465,3.466,0
"2017-01-16 00:00:00",3.466,3.496,3.401,3.483,0
"2017-01-17 00:00:00",3.473,3.513,3.354,3.412,137695
"2017-01-18 00:00:00",3.397,3.437,3.282,3.302,128820
"2017-01-19 00:00:00",3.325,3.404,3.257,3.368,145476
"2017-01-20 00:00:00",3.301,3.347,3.189,3.204,138918
"2017-01-23 00:00:00",3.18,3.278,3.145,3.243,108564
"2017-01-24 00:00:00",3.28,3.35,3.259,3.279,99030
"2017-01-25 00:00:00",3.292,3.365,3.255,3.332,51139
"2017-01-26 00:00:00",3.362,3.494,3.35,3.382,75883
"2017-01-27 00:00:00",3.35,3.418,3.245,3.391,0
"2017-01-30 00:00:00",3.3,3.342,3.216,3.232,135654
"2017-01-31 00:00:00",3.224,3.235,3.11,3.117,198006
"2017-02-01 00:00:00",3.134,3.228,3.113,3.168,136176
"2017-02-02 00:00:00",3.174,3.209,3.118,3.187,149327
"2017-02-03 00:00:00",3.193,3.201,3.042,3.063,179658
"2017-02-06 00:00:00",3.015,3.086,3.006,3.05,124252
"2017-02-07 00:00:00",3.06,3.156,3.051,3.13,177005
"2017-02-08 00:00:00",3.14,3.164,3.06,3.126,159476
"2017-02-09 00:00:00",3.143,3.189,3.11,3.141,162281
"2017-02-10 00:00:00",3.105,3.121,3.005,3.034,188162
"2017-02-13 00:00:00",2.978,2.994,2.921,2.944,162673
"2017-02-14 00:00:00",2.923,2.953,2.887,2.905,142943
"2017-02-15 00:00:00",2.939,2.994,2.913,2.925,126121
"2017-02-16 00:00:00",2.934,2.953,2.831,2.854,138783
"2017-02-17 00:00:00",2.84,2.899,2.83,2.834,126492
"2017-02-19 00:00:00",2.913,2.913,2.892,2.894,0
"2017-02-20 00:00:00",2.894,2.897,2.864,2.878,0
"2017-02-21 00:00:00",2.791,2.826,2.556,2.564,205024
"2017-02-22 00:00:00",2.584,2.64,2.522,2.592,69600
"2017-02-23 00:00:00",2.598,2.704,2.569,2.617,67942
"2017-02-24 00:00:00",2.62,2.67,2.587,2.627,0
"2017-02-27 00:00:00",2.715,2.721,2.659,2.693,127547
"2017-02-28 00:00:00",2.691,2.788,2.653,2.774,183619
"2017-03-01 00:00:00",2.77,2.828,2.743,2.799,154834
"2017-03-02 00:00:00",2.791,2.835,2.73,2.804,173316
"2017-03-03 00:00:00",2.816,2.84,2.775,2.827,155244
"2017-03-06 00:00:00",2.911,2.952,2.857,2.901,216887
"2017-03-07 00:00:00",2.872,2.89,2.815,2.824,166482
"2017-03-08 00:00:00",2.835,2.949,2.833,2.901,200061
"2017-03-09 00:00:00",2.913,2.99,2.889,2.974,178683
"2017-03-10 00:00:00",2.987,3.043,2.966,3.008,162566
"2017-03-13 00:00:00",3.083,3.089,2.99,3.043,140782
"2017-03-14 00:00:00",3.018,3.063,2.927,2.938,156658
"2017-03-15 00:00:00",2.949,3.006,2.923,2.981,119225
"2017-03-16 00:00:00",2.974,2.976,2.888,2.902,175334
"2017-03-17 00:00:00",2.908,2.965,2.882,2.948,102589
"2017-03-20 00:00:00",2.913,3.085,2.902,3.041,133705
"2017-03-21 00:00:00",3.08,3.113,3.033,3.093,138763
"2017-03-22 00:00:00",3.082,3.095,3.007,3.011,125475
"2017-03-23 00:00:00",3.02,3.063,2.986,3.051,147427
"2017-03-24 00:00:00",3.05,3.092,3.016,3.076,102120
"2017-03-27 00:00:00",3.119,3.133,3.043,3.052,59543
"2017-03-28 00:00:00",3.046,3.104,3.011,3.096,53195
"2017-03-29 00:00:00",3.089,3.183,3.082,3.175,8017
"2017-03-30 00:00:00",3.21,3.237,3.141,3.191,133288
"2017-03-31 00:00:00",3.199,3.242,3.163,3.19,114819
"2017-04-03 00:00:00",3.217,3.239,3.125,3.128,124588
"2017-04-04 00:00:00",3.145,3.301,3.121,3.293,232924
"2017-04-05 00:00:00",3.293,3.347,3.254,3.266,165274
"2017-04-06 00:00:00",3.269,3.337,3.235,3.331,165907
"2017-04-07 00:00:00",3.307,3.34,3.246,3.261,170783
"2017-04-10 00:00:00",3.24,3.293,3.228,3.238,141822
"2017-04-11 00:00:00",3.243,3.268,3.141,3.15,201474
"2017-04-12 00:00:00",3.168,3.197,3.132,3.187,174009
"2017-04-13 00:00:00",3.182,3.243,3.149,3.227,182106
"2017-04-17 00:00:00",3.229,3.249,3.158,3.163,147638
"2017-04-18 00:00:00",3.164,3.182,3.114,3.145,138628
"2017-04-19 00:00:00",3.15,3.223,3.143,3.185,158318
"2017-04-20 00:00:00",3.191,3.219,3.134,3.159,125995
"2017-04-21 00:00:00",3.168,3.185,3.082,3.101,114899
"2017-04-24 00:00:00",3.094,3.149,3.031,3.066,67850
"2017-04-25 00:00:00",3.064,3.083,3.022,3.043,64754
"2017-04-26 00:00:00",3.052,3.17,3.031,3.142,11331
"2017-04-27 00:00:00",3.255,3.266,3.207,3.239,139117
"2017-04-28 00:00:00",3.24,3.298,3.229,3.276,117649
"2017-05-01 00:00:00",3.249,3.313,3.198,3.215,128608
"2017-05-02 00:00:00",3.231,3.273,3.178,3.195,141615
"2017-05-03 00:00:00",3.185,3.233,3.175,3.228,89628
"2017-05-04 00:00:00",3.22,3.254,3.165,3.186,140033
"2017-05-05 00:00:00",3.199,3.282,3.183,3.266,150649
"2017-05-08 00:00:00",3.243,3.265,3.14,3.172,196689
"2017-05-09 00:00:00",3.178,3.246,3.173,3.227,170982
"2017-05-10 00:00:00",3.214,3.349,3.202,3.292,223188
"2017-05-11 00:00:00",3.278,3.388,3.273,3.376,199191
"2017-05-12 00:00:00",3.368,3.431,3.35,3.424,150243
"2017-05-15 00:00:00",3.387,3.408,3.334,3.349,142311
"2017-05-16 00:00:00",3.359,3.369,3.216,3.23,203407
"2017-05-17 00:00:00",3.231,3.269,3.165,3.192,147282
"2017-05-18 00:00:00",3.209,3.242,3.161,3.182,153415
"2017-05-19 00:00:00",3.184,3.27,3.181,3.256,143461
"2017-05-22 00:00:00",3.291,3.334,3.279,3.33,132558
"2017-05-23 00:00:00",3.325,3.333,3.211,3.219,131858
"2017-05-24 00:00:00",3.234,3.252,3.176,3.209,51800
"2017-05-25 00:00:00",3.204,3.257,3.145,3.184,45800
"2017-05-26 00:00:00",3.186,3.263,3.167,3.236,0
"2017-05-28 00:00:00",3.252,3.252,3.216,3.236,0
"2017-05-29 00:00:00",3.236,3.245,3.192,3.201,0
"2017-05-30 00:00:00",3.25,3.255,3.141,3.145,215155
"2017-05-31 00:00:00",3.146,3.172,3.061,3.071,208510
"2017-06-01 00:00:00",3.08,3.128,2.988,3.008,236236
"2017-06-02 00:00:00",3.051,3.051,2.989,2.999,147329
"2017-06-05 00:00:00",3.026,3.047,2.935,2.982,148450
"2017-06-06 00:00:00",2.982,3.063,2.972,3.042,139905
"2017-06-07 00:00:00",3.061,3.095,3.01,3.02,179726
"2017-06-08 00:00:00",3.019,3.068,2.978,3.028,205114
"2017-06-09 00:00:00",3.034,3.066,3.028,3.039,138973
"2017-06-12 00:00:00",3.032,3.087,3.001,3.024,163496
"2017-06-13 00:00:00",3.011,3.065,2.949,2.966,224042
"2017-06-14 00:00:00",2.962,2.989,2.916,2.933,164623
"2017-06-15 00:00:00",2.943,3.066,2.929,3.056,195042
"2017-06-16 00:00:00",3.049,3.082,3.021,3.037,121174
"2017-06-19 00:00:00",2.966,2.971,2.877,2.894,155300
"2017-06-20 00:00:00",2.897,2.913,2.879,2.907,112908
"2017-06-21 00:00:00",2.897,2.948,2.878,2.893,141997
"2017-06-22 00:00:00",2.896,2.962,2.855,2.894,150925
"2017-06-23 00:00:00",2.898,2.94,2.895,2.929,99800
"2017-06-26 00:00:00",2.99,3.052,2.975,3.027,61783
"2017-06-27 00:00:00",3.049,3.06,3.012,3.037,48460
"2017-06-28 00:00:00",3.02,3.08,3.016,3.067,12251
"2017-06-29 00:00:00",3.08,3.122,3.032,3.042,156622
"2017-06-30 00:00:00",3.037,3.052,2.974,3.035,152129
"2017-07-03 00:00:00",2.949,3.05,2.935,2.951,142576
"2017-07-04 00:00:00",2.959,2.993,2.95,2.984,0
"2017-07-05 00:00:00",2.952,3.02,2.832,2.84,239392
"2017-07-06 00:00:00",2.857,2.893,2.849,2.888,147746
"2017-07-07 00:00:00",2.899,2.947,2.847,2.864,156392
"2017-07-10 00:00:00",2.898,2.946,2.87,2.929,164958
"2017-07-11 00:00:00",2.925,3.053,2.921,3.047,203416
"2017-07-12 00:00:00",3.035,3.043,2.97,2.985,180109
"2017-07-13 00:00:00",2.992,3.02,2.947,2.961,172378
"2017-07-14 00:00:00",2.959,3,2.928,2.98,151634
"2017-07-17 00:00:00",2.982,3.049,2.98,3.02,114340
"2017-07-18 00:00:00",3.022,3.094,3.02,3.088,133413
"2017-07-19 00:00:00",3.082,3.103,3.062,3.066,101880
"2017-07-20 00:00:00",3.066,3.114,3.017,3.043,177683
"2017-07-21 00:00:00",3.03,3.044,2.938,2.97,158256
"2017-07-24 00:00:00",2.914,2.955,2.88,2.899,128436
"2017-07-25 00:00:00",2.907,2.95,2.899,2.944,50576
"2017-07-26 00:00:00",2.944,2.965,2.895,2.924,45379
"2017-07-27 00:00:00",2.926,2.998,2.904,2.969,11030
"2017-07-28 00:00:00",2.958,2.983,2.923,2.941,83193
"2017-07-31 00:00:00",2.9,2.9,2.781,2.794,176226
"2017-08-01 00:00:00",2.81,2.835,2.761,2.819,151158
"2017-08-02 00:00:00",2.815,2.837,2.785,2.811,111069
"2017-08-03 00:00:00",2.811,2.846,2.79,2.8,125787
"2017-08-04 00:00:00",2.792,2.8,2.753,2.774,100740
"2017-08-07 00:00:00",2.772,2.812,2.764,2.801,144959
"2017-08-08 00:00:00",2.805,2.832,2.783,2.822,134191
"2017-08-09 00:00:00",2.811,2.899,2.8,2.883,184358
"2017-08-10 00:00:00",2.877,2.995,2.872,2.985,262157
"2017-08-11 00:00:00",2.976,2.997,2.962,2.983,137469
"2017-08-14 00:00:00",3.005,3.018,2.925,2.959,130569
"2017-08-15 00:00:00",2.961,2.972,2.919,2.935,103177
"2017-08-16 00:00:00",2.92,2.933,2.883,2.89,135731
"2017-08-17 00:00:00",2.891,2.939,2.856,2.929,158462
"2017-08-18 00:00:00",2.917,2.928,2.885,2.893,83316
"2017-08-21 00:00:00",2.894,2.98,2.867,2.962,171194
"2017-08-22 00:00:00",2.963,3.006,2.927,2.939,151718
"2017-08-23 00:00:00",2.935,2.957,2.9,2.928,104361
"2017-08-24 00:00:00",2.926,2.982,2.917,2.949,105193
"2017-08-25 00:00:00",2.947,2.952,2.881,2.892,53985
"2017-08-28 00:00:00",2.924,2.967,2.849,2.925,48077
"2017-08-29 00:00:00",2.915,2.998,2.9,2.961,7945
"2017-08-30 00:00:00",2.973,2.98,2.928,2.939,96502
"2017-08-31 00:00:00",2.945,3.045,2.908,3.04,241062
"2017-09-01 00:00:00",3.027,3.088,2.998,3.07,179193
"2017-09-03 00:00:00",3.025,3.054,3.014,3.043,0
"2017-09-04 00:00:00",3.042,3.06,3.018,3.021,0
"2017-09-05 00:00:00",3.013,3.059,2.965,2.972,172702
"2017-09-06 00:00:00",2.97,3.031,2.96,3,145052
"2017-09-07 00:00:00",3.008,3.03,2.968,2.981,137126
"2017-09-08 00:00:00",2.972,2.975,2.885,2.89,204842
"2017-09-11 00:00:00",2.91,2.953,2.899,2.95,164090
"2017-09-12 00:00:00",2.95,3.043,2.936,3.001,248747
"2017-09-13 00:00:00",2.996,3.078,2.995,3.058,191192
"2017-09-14 00:00:00",3.059,3.106,3.036,3.07,204316
"2017-09-15 00:00:00",3.065,3.074,3.006,3.024,144121
"2017-09-18 00:00:00",3.049,3.157,3.049,3.146,209884
"2017-09-19 00:00:00",3.151,3.166,3.112,3.122,156610
"2017-09-20 00:00:00",3.118,3.148,3.077,3.094,172959
"2017-09-21 00:00:00",3.081,3.091,2.942,2.946,271675
"2017-09-22 00:00:00",2.957,2.978,2.945,2.959,109531
"2017-09-25 00:00:00",2.932,2.986,2.911,2.919,73229
"2017-09-26 00:00:00",2.921,2.955,2.898,2.918,54994
"2017-09-27 00:00:00",2.917,2.989,2.912,2.974,15712
"2017-09-28 00:00:00",3.059,3.081,3.001,3.017,192444
"2017-09-29 00:00:00",3.022,3.044,2.992,3.007,117984
"2017-10-02 00:00:00",3.018,3.025,2.889,2.916,251481
"2017-10-03 00:00:00",2.925,2.935,2.88,2.895,151617
"2017-10-04 00:00:00",2.905,2.977,2.898,2.94,160561
"2017-10-05 00:00:00",2.934,2.995,2.894,2.923,180003
"2017-10-06 00:00:00",2.895,2.917,2.856,2.863,226636
"2017-10-09 00:00:00",2.859,2.886,2.827,2.833,174730
"2017-10-10 00:00:00",2.836,2.896,2.833,2.891,201266
"2017-10-11 00:00:00",2.882,2.962,2.876,2.889,224270
"2017-10-12 00:00:00",2.906,3.008,2.895,2.989,308993
"2017-10-13 00:00:00",2.995,3.036,2.984,3,179590
"2017-10-16 00:00:00",2.96,2.977,2.908,2.946,179558
"2017-10-17 00:00:00",2.955,3.026,2.921,2.962,202672
"2017-10-18 00:00:00",2.923,2.941,2.851,2.854,205285
"2017-10-19 00:00:00",2.868,2.91,2.773,2.873,295772
"2017-10-20 00:00:00",2.886,2.94,2.856,2.915,225039
"2017-10-23 00:00:00",3.001,3.017,2.948,2.991,178926
"2017-10-24 00:00:00",2.971,3.004,2.96,2.974,112764
"2017-10-25 00:00:00",2.991,2.999,2.913,2.919,65776
"2017-10-26 00:00:00",2.929,2.941,2.867,2.89,50113
"2017-10-27 00:00:00",2.899,2.899,2.723,2.752,0
"2017-10-30 00:00:00",2.938,3.006,2.936,2.966,124090
"2017-10-31 00:00:00",2.988,3.005,2.882,2.896,194986
"2017-11-01 00:00:00",2.906,2.929,2.847,2.893,189880
"2017-11-02 00:00:00",2.9,2.957,2.881,2.935,184935
"2017-11-03 00:00:00",2.935,2.998,2.93,2.984,143210
"2017-11-06 00:00:00",3.085,3.143,3.051,3.134,267645
"2017-11-07 00:00:00",3.125,3.176,3.088,3.152,247518
"2017-11-08 00:00:00",3.151,3.19,3.114,3.175,210306
"2017-11-09 00:00:00",3.152,3.217,3.152,3.2,247726
"2017-11-10 00:00:00",3.208,3.224,3.171,3.213,179748
"2017-11-13 00:00:00",3.2,3.231,3.127,3.167,208595
"2017-11-14 00:00:00",3.141,3.149,3.064,3.102,219937
"2017-11-15 00:00:00",3.078,3.153,3.052,3.08,192702
"2017-11-16 00:00:00",3.087,3.11,3.046,3.053,186922
"2017-11-17 00:00:00",3.072,3.134,3.059,3.097,191293
"2017-11-20 00:00:00",3.07,3.089,3.026,3.047,160174
"2017-11-21 00:00:00",3.032,3.064,3.012,3.017,133594
"2017-11-22 00:00:00",3.013,3.027,2.955,2.968,139397
"2017-11-23 00:00:00",2.971,2.986,2.891,2.904,0
"2017-11-24 00:00:00",2.961,2.986,2.797,2.813,94878
"2017-11-27 00:00:00",2.927,2.95,2.876,2.928,56306
"2017-11-28 00:00:00",2.947,3.102,2.945,3.074,13122
"2017-11-29 00:00:00",3.131,3.218,3.127,3.179,230343
"2017-11-30 00:00:00",3.175,3.194,3.008,3.025,317425
"2017-12-01 00:00:00",3.032,3.117,3.029,3.061,213443
"2017-12-04 00:00:00",3.091,3.127,2.953,2.985,238226
"2017-12-05 00:00:00",2.976,2.998,2.875,2.914,240838
"2017-12-06 00:00:00",2.91,2.961,2.884,2.922,178775
"2017-12-07 00:00:00",2.91,2.922,2.747,2.763,392520
"2017-12-08 00:00:00",2.769,2.82,2.757,2.772,233766
"2017-12-11 00:00:00",2.831,2.848,2.793,2.828,196702
"2017-12-12 00:00:00",2.801,2.844,2.673,2.678,312864
"2017-12-13 00:00:00",2.696,2.751,2.656,2.715,256783
"2017-12-14 00:00:00",2.704,2.717,2.643,2.684,205087
"2017-12-15 00:00:00",2.686,2.732,2.581,2.612,190914
"2017-12-18 00:00:00",2.65,2.778,2.634,2.745,231827
"2017-12-19 00:00:00",2.734,2.769,2.688,2.692,219344
"2017-12-20 00:00:00",2.722,2.756,2.61,2.637,183119
"2017-12-21 00:00:00",2.654,2.669,2.568,2.598,177652
"2017-12-22 00:00:00",2.62,2.682,2.583,2.667,68187
"2017-12-25 00:00:00",2.703,2.741,2.699,2.733,0
"2017-12-26 00:00:00",2.708,2.78,2.63,2.643,81462
"2017-12-27 00:00:00",2.639,2.762,2.598,2.738,19110
"2017-12-28 00:00:00",2.749,2.945,2.734,2.914,313122
"2017-12-29 00:00:00",2.93,3.008,2.92,2.953,272657
"2018-01-01 00:00:00",3.057,3.093,3.043,3.082,0
"2018-01-02 00:00:00",3.03,3.097,2.923,3.056,320176
"2018-01-03 00:00:00",3.04,3.056,2.959,3.008,269889
"2018-01-04 00:00:00",3.015,3.07,2.84,2.88,319705
"2018-01-05 00:00:00",2.877,2.887,2.746,2.795,230946
"2018-01-08 00:00:00",2.812,2.869,2.784,2.835,228242
"2018-01-09 00:00:00",2.838,2.966,2.825,2.923,288553
"2018-01-10 00:00:00",2.962,2.989,2.869,2.906,254155
"2018-01-11 00:00:00",2.906,3.139,2.884,3.084,405113
"2018-01-12 00:00:00",3.137,3.224,3.07,3.2,415933
"2018-01-14 00:00:00",3.124,3.124,3.091,3.116,0
"2018-01-15 00:00:00",3.117,3.175,3.107,3.133,0
"2018-01-16 00:00:00",3.131,3.176,3.039,3.129,332451
"2018-01-17 00:00:00",3.125,3.288,3.098,3.232,283967
"2018-01-18 00:00:00",3.251,3.26,3.07,3.189,293577
"2018-01-19 00:00:00",3.198,3.246,3.133,3.185,224665
"2018-01-22 00:00:00",3.252,3.269,3.143,3.224,201676
"2018-01-23 00:00:00",3.254,3.628,3.249,3.444,291378
"2018-01-24 00:00:00",3.541,3.624,3.404,3.509,213630
"2018-01-25 00:00:00",3.439,3.581,3.398,3.447,84785
"2018-01-26 00:00:00",3.437,3.611,3.41,3.505,75224
"2018-01-29 00:00:00",3.39,3.661,3.297,3.631,20414
"2018-01-30 00:00:00",3.187,3.259,3.161,3.195,257758
"2018-01-31 00:00:00",3.165,3.183,2.949,2.995,334638
"2018-02-01 00:00:00",2.956,2.978,2.837,2.856,359410
"2018-02-02 00:00:00",2.891,2.92,2.84,2.846,184073
"2018-02-05 00:00:00",2.825,2.88,2.736,2.747,200176
"2018-02-06 00:00:00",2.767,2.785,2.695,2.759,185164
"2018-02-07 00:00:00",2.761,2.782,2.688,2.702,220437
"2018-02-08 00:00:00",2.702,2.758,2.681,2.697,191585
"2018-02-09 00:00:00",2.694,2.704,2.576,2.584,236204
"2018-02-12 00:00:00",2.554,2.607,2.538,2.552,196427
"2018-02-13 00:00:00",2.566,2.642,2.562,2.594,203096
"2018-02-14 00:00:00",2.608,2.623,2.553,2.587,175161
"2018-02-15 00:00:00",2.613,2.623,2.53,2.58,163821
"2018-02-16 00:00:00",2.584,2.589,2.539,2.558,112338
"2018-02-18 00:00:00",2.57,2.587,2.568,2.582,0
"2018-02-19 00:00:00",2.582,2.618,2.562,2.606,0
"2018-02-20 00:00:00",2.568,2.662,2.562,2.616,147855
"2018-02-21 00:00:00",2.638,2.68,2.565,2.659,125222
"2018-02-22 00:00:00",2.657,2.67,2.607,2.634,60419
"2018-02-23 00:00:00",2.619,2.633,2.555,2.625,66996
"2018-02-26 00:00:00",2.635,2.68,2.586,2.639,13759
"2018-02-27 00:00:00",2.682,2.702,2.633,2.683,122830
"2018-02-28 00:00:00",2.693,2.71,2.659,2.667,133147
"2018-03-01 00:00:00",2.668,2.731,2.642,2.698,206388
"2018-03-02 00:00:00",2.693,2.728,2.686,2.695,137999
"2018-03-05 00:00:00",2.717,2.726,2.673,2.704,118016
"2018-03-06 00:00:00",2.706,2.757,2.702,2.749,132005
"2018-03-07 00:00:00",2.75,2.789,2.744,2.777,144973
"2018-03-08 00:00:00",2.786,2.793,2.737,2.756,148183
"2018-03-09 00:00:00",2.742,2.752,2.712,2.732,131468
"2018-03-12 00:00:00",2.731,2.804,2.718,2.778,163455
"2018-03-13 00:00:00",2.788,2.811,2.776,2.786,146848
"2018-03-14 00:00:00",2.787,2.798,2.71,2.731,146222
"2018-03-15 00:00:00",2.738,2.75,2.664,2.681,147708
"2018-03-16 00:00:00",2.685,2.701,2.667,2.688,78672
"2018-03-19 00:00:00",2.683,2.71,2.64,2.651,115506
"2018-03-20 00:00:00",2.66,2.695,2.65,2.675,126457
"2018-03-21 00:00:00",2.677,2.708,2.634,2.638,135651
"2018-03-22 00:00:00",2.648,2.667,2.611,2.617,103060
"2018-03-23 00:00:00",2.619,2.627,2.579,2.591,57008
"2018-03-26 00:00:00",2.588,2.642,2.565,2.618,52520
"2018-03-27 00:00:00",2.631,2.707,2.623,2.691,9727
"2018-03-28 00:00:00",2.718,2.731,2.69,2.698,85532
"2018-03-29 00:00:00",2.706,2.764,2.698,2.733,160014
"2018-04-02 00:00:00",2.73,2.759,2.65,2.683,165214
"2018-04-03 00:00:00",2.679,2.707,2.667,2.697,112561
"2018-04-04 00:00:00",2.696,2.746,2.675,2.718,139580
"2018-04-05 00:00:00",2.712,2.715,2.651,2.675,160236
"2018-04-06 00:00:00",2.68,2.717,2.675,2.701,135394
"2018-04-09 00:00:00",2.679,2.704,2.64,2.693,220804
"2018-04-10 00:00:00",2.699,2.726,2.643,2.656,219226
"2018-04-11 00:00:00",2.661,2.69,2.621,2.675,180073
"2018-04-12 00:00:00",2.675,2.7,2.647,2.686,179513
"2018-04-13 00:00:00",2.689,2.76,2.674,2.735,167242
"2018-04-16 00:00:00",2.753,2.779,2.739,2.752,116448
"2018-04-17 00:00:00",2.747,2.761,2.711,2.738,94016
"2018-04-18 00:00:00",2.741,2.79,2.734,2.739,128915
"2018-04-19 00:00:00",2.744,2.751,2.658,2.66,233754
"2018-04-20 00:00:00",2.675,2.746,2.658,2.739,162640
"2018-04-23 00:00:00",2.745,2.757,2.706,2.74,110246
"2018-04-24 00:00:00",2.745,2.789,2.728,2.781,63431
"2018-04-25 00:00:00",2.782,2.798,2.755,2.786,57673
"2018-04-26 00:00:00",2.787,2.839,2.779,2.821,9917
"2018-04-27 00:00:00",2.826,2.834,2.768,2.771,129328
"2018-04-30 00:00:00",2.763,2.778,2.728,2.763,128248
"2018-05-01 00:00:00",2.764,2.82,2.759,2.802,166920
"2018-05-02 00:00:00",2.805,2.811,2.745,2.754,126751
"2018-05-03 00:00:00",2.759,2.773,2.7,2.726,161671
"2018-05-04 00:00:00",2.731,2.742,2.702,2.711,113276
"2018-05-07 00:00:00",2.71,2.77,2.695,2.741,160122
"2018-05-08 00:00:00",2.736,2.773,2.706,2.732,153614
"2018-05-09 00:00:00",2.739,2.759,2.725,2.737,117167
"2018-05-10 00:00:00",2.736,2.82,2.709,2.814,242955
"2018-05-11 00:00:00",2.808,2.82,2.793,2.806,119502
"2018-05-14 00:00:00",2.825,2.847,2.798,2.842,130605
"2018-05-15 00:00:00",2.834,2.864,2.824,2.836,107086
"2018-05-16 00:00:00",2.827,2.844,2.809,2.815,105943
"2018-05-17 00:00:00",2.817,2.862,2.78,2.859,182971
"2018-05-18 00:00:00",2.853,2.87,2.832,2.847,110778
"2018-05-21 00:00:00",2.826,2.847,2.806,2.81,127049
"2018-05-22 00:00:00",2.827,2.917,2.816,2.908,181131
"2018-05-23 00:00:00",2.902,2.939,2.898,2.914,111803
"2018-05-24 00:00:00",2.924,2.941,2.904,2.94,66352
"2018-05-25 00:00:00",2.931,2.964,2.912,2.939,77032
"2018-05-28 00:00:00",2.964,3.001,2.94,2.975,0
"2018-05-29 00:00:00",2.946,2.968,2.838,2.875,11201
"2018-05-30 00:00:00",2.901,2.906,2.867,2.885,103499
"2018-05-31 00:00:00",2.891,2.988,2.887,2.952,192343
"2018-06-01 00:00:00",2.951,2.983,2.932,2.962,90936
"2018-06-04 00:00:00",2.974,2.98,2.923,2.93,100049
"2018-06-05 00:00:00",2.92,2.931,2.874,2.89,122194
"2018-06-06 00:00:00",2.888,2.912,2.873,2.896,106066
"2018-06-07 00:00:00",2.9,2.987,2.896,2.93,213147
"2018-06-08 00:00:00",2.934,2.936,2.875,2.89,158581
"2018-06-11 00:00:00",2.927,2.966,2.912,2.949,192022
"2018-06-12 00:00:00",2.954,2.988,2.917,2.939,170252
"2018-06-13 00:00:00",2.941,2.979,2.916,2.963,163496
"2018-06-14 00:00:00",2.958,2.976,2.93,2.965,128821
"2018-06-15 00:00:00",2.966,3.034,2.966,3.022,169685
"2018-06-18 00:00:00",3.051,3.053,2.945,2.951,164885
"2018-06-19 00:00:00",2.952,2.955,2.887,2.9,148888
"2018-06-20 00:00:00",2.918,2.969,2.912,2.964,141781
"2018-06-21 00:00:00",2.966,3.012,2.947,2.975,129672
"2018-06-22 00:00:00",2.982,2.991,2.926,2.945,101303
"2018-06-25 00:00:00",2.926,2.943,2.897,2.923,54241
"2018-06-26 00:00:00",2.931,2.955,2.907,2.939,39903
"2018-06-27 00:00:00",2.954,3.007,2.95,2.996,10062
"2018-06-28 00:00:00",2.988,3.021,2.93,2.94,157118
"2018-06-29 00:00:00",2.951,2.954,2.91,2.924,116419
"2018-07-02 00:00:00",2.92,2.927,2.852,2.862,165518
"2018-07-03 00:00:00",2.861,2.903,2.852,2.87,121584
"2018-07-04 00:00:00",2.849,2.893,2.822,2.841,0
"2018-07-05 00:00:00",2.858,2.894,2.822,2.837,128995
"2018-07-06 00:00:00",2.83,2.862,2.824,2.858,105972
"2018-07-09 00:00:00",2.839,2.865,2.817,2.828,126582
"2018-07-10 00:00:00",2.829,2.835,2.782,2.788,127274
"2018-07-11 00:00:00",2.787,2.832,2.78,2.829,111015
"2018-07-12 00:00:00",2.822,2.827,2.789,2.797,114889
"2018-07-13 00:00:00",2.802,2.812,2.75,2.752,134285
"2018-07-16 00:00:00",2.765,2.778,2.735,2.759,110054
"2018-07-17 00:00:00",2.768,2.788,2.731,2.74,109351
"2018-07-18 00:00:00",2.744,2.754,2.72,2.721,111413
"2018-07-19 00:00:00",2.731,2.776,2.704,2.769,134437
"2018-07-20 00:00:00",2.767,2.784,2.754,2.757,92132
"2018-07-23 00:00:00",2.737,2.741,2.713,2.721,109970
"2018-07-24 00:00:00",2.723,2.744,2.71,2.732,78517
"2018-07-25 00:00:00",2.739,2.78,2.735,2.775,45441
"2018-07-26 00:00:00",2.777,2.799,2.769,2.78,44274
"2018-07-27 00:00:00",2.775,2.831,2.769,2.822,6924
"2018-07-30 00:00:00",2.794,2.814,2.766,2.797,124253
"2018-07-31 00:00:00",2.801,2.831,2.772,2.782,154916
"2018-08-01 00:00:00",2.78,2.788,2.744,2.758,118788
"2018-08-02 00:00:00",2.745,2.828,2.74,2.816,175996
"2018-08-03 00:00:00",2.819,2.862,2.814,2.853,150124
"2018-08-06 00:00:00",2.851,2.865,2.822,2.86,99786
"2018-08-07 00:00:00",2.861,2.9,2.857,2.897,153532
"2018-08-08 00:00:00",2.893,2.951,2.884,2.949,195739
"2018-08-09 00:00:00",2.943,2.959,2.93,2.955,177236
"2018-08-10 00:00:00",2.946,2.955,2.917,2.944,140737
"2018-08-13 00:00:00",2.936,2.946,2.897,2.93,126594
"2018-08-14 00:00:00",2.926,2.974,2.922,2.959,123286
"2018-08-15 00:00:00",2.952,2.963,2.93,2.94,93169
"2018-08-16 00:00:00",2.939,2.949,2.891,2.908,125459
"2018-08-17 00:00:00",2.908,2.968,2.908,2.946,119417
"2018-08-20 00:00:00",2.94,2.954,2.903,2.941,123494
"2018-08-21 00:00:00",2.953,2.991,2.953,2.98,112317
"2018-08-22 00:00:00",2.991,2.993,2.953,2.956,96252
"2018-08-23 00:00:00",2.958,2.982,2.935,2.964,106844
"2018-08-24 00:00:00",2.972,2.979,2.911,2.917,101424
"2018-08-27 00:00:00",2.908,2.915,2.874,2.876,61681
"2018-08-28 00:00:00",2.876,2.883,2.845,2.852,41928
"2018-08-29 00:00:00",2.857,2.905,2.843,2.895,7574
"2018-08-30 00:00:00",2.875,2.89,2.841,2.874,116910
"2018-08-31 00:00:00",2.886,2.931,2.882,2.916,121714
"2018-09-02 00:00:00",2.901,2.902,2.882,2.897,0
"2018-09-03 00:00:00",2.896,2.896,2.82,2.865,0
"2018-09-04 00:00:00",2.9,2.904,2.812,2.823,217010
"2018-09-05 00:00:00",2.815,2.843,2.786,2.795,138639
"2018-09-06 00:00:00",2.793,2.797,2.765,2.772,141042
"2018-09-07 00:00:00",2.777,2.785,2.759,2.776,112500
"2018-09-10 00:00:00",2.77,2.814,2.752,2.804,160402
"2018-09-11 00:00:00",2.807,2.836,2.785,2.828,135665
"2018-09-12 00:00:00",2.828,2.869,2.818,2.829,156788
"2018-09-13 00:00:00",2.824,2.856,2.805,2.817,143259
"2018-09-14 00:00:00",2.81,2.814,2.762,2.767,151714
"2018-09-17 00:00:00",2.774,2.83,2.772,2.814,174821
"2018-09-18 00:00:00",2.814,2.937,2.811,2.933,238589
"2018-09-19 00:00:00",2.926,2.948,2.898,2.908,148133
"2018-09-20 00:00:00",2.904,2.991,2.886,2.976,192073
"2018-09-21 00:00:00",2.962,2.989,2.938,2.977,118893
"2018-09-24 00:00:00",2.973,3.048,2.951,3.038,80660
"2018-09-25 00:00:00",3.043,3.087,3.02,3.082,62946
"2018-09-26 00:00:00",3.079,3.088,2.981,3.021,12688
"2018-09-27 00:00:00",2.972,3.111,2.963,3.056,250438
"2018-09-28 00:00:00",3.057,3.062,2.977,3.008,166734
"2018-10-01 00:00:00",3.007,3.117,3.001,3.094,202839
"2018-10-02 00:00:00",3.114,3.194,3.109,3.166,239367
"2018-10-03 00:00:00",3.164,3.261,3.155,3.23,207041
"2018-10-04 00:00:00",3.238,3.25,3.129,3.165,242158
"2018-10-05 00:00:00",3.189,3.224,3.109,3.143,199270
"2018-10-08 00:00:00",3.182,3.294,3.174,3.267,233743
"2018-10-09 00:00:00",3.281,3.368,3.237,3.266,287648
"2018-10-10 00:00:00",3.306,3.358,3.251,3.284,236725
"2018-10-11 00:00:00",3.276,3.287,3.153,3.222,264678
"2018-10-12 00:00:00",3.234,3.27,3.138,3.161,176415
"2018-10-15 00:00:00",3.224,3.273,3.177,3.242,159110
"2018-10-16 00:00:00",3.258,3.311,3.21,3.239,132488
"2018-10-17 00:00:00",3.253,3.34,3.24,3.32,157395
"2018-10-18 00:00:00",3.319,3.323,3.193,3.198,183520
"2018-10-19 00:00:00",3.226,3.258,3.155,3.25,142392
"2018-10-22 00:00:00",3.227,3.247,3.126,3.138,172062
"2018-10-23 00:00:00",3.134,3.24,3.111,3.212,178745
"2018-10-24 00:00:00",3.216,3.25,3.159,3.166,113607
"2018-10-25 00:00:00",3.185,3.233,3.153,3.202,63881
"2018-10-26 00:00:00",3.169,3.203,3.102,3.185,64445
"2018-10-29 00:00:00",3.139,3.199,3.1,3.185,10672
"2018-10-30 00:00:00",3.184,3.281,3.166,3.187,146788
"2018-10-31 00:00:00",3.21,3.294,3.207,3.261,175407
"2018-11-01 00:00:00",3.284,3.318,3.216,3.237,152755
"2018-11-02 00:00:00",3.239,3.313,3.166,3.284,168964
"2018-11-05 00:00:00",3.471,3.576,3.437,3.567,307244
"2018-11-06 00:00:00",3.55,3.581,3.514,3.555,178558
"2018-11-07 00:00:00",3.543,3.56,3.486,3.555,173381
"2018-11-08 00:00:00",3.53,3.568,3.493,3.543,166771
"2018-11-09 00:00:00",3.555,3.824,3.552,3.719,288059
"2018-11-12 00:00:00",3.745,3.954,3.735,3.788,243969
"2018-11-13 00:00:00",3.934,4.11,3.902,4.101,345403
"2018-11-14 00:00:00",4.072,4.929,4.05,4.837,459196
"2018-11-15 00:00:00",4.672,4.8,3.882,4.038,362508
"2018-11-16 00:00:00",3.907,4.39,3.907,4.272,270717
"2018-11-19 00:00:00",4.625,4.779,4.427,4.7,264570
"2018-11-20 00:00:00",4.583,4.672,4.274,4.523,238948
"2018-11-21 00:00:00",4.536,4.864,4.42,4.451,197741
"2018-11-22 00:00:00",4.485,4.53,4.119,4.268,0
"2018-11-23 00:00:00",4.471,4.563,4.117,4.308,121022
"2018-11-26 00:00:00",4.068,4.282,3.99,4.248,67981
"2018-11-27 00:00:00",4.224,4.325,4.104,4.262,62830
"2018-11-28 00:00:00",4.199,4.806,4.19,4.715,18260
"2018-11-29 00:00:00",4.671,4.674,4.452,4.646,191435
"2018-11-30 00:00:00",4.584,4.776,4.473,4.612,167700
"2018-12-03 00:00:00",4.527,4.536,4.243,4.339,190568
"2018-12-04 00:00:00",4.392,4.574,4.358,4.457,159868
"2018-12-05 00:00:00",4.518,4.63,4.404,4.469,105111
"2018-12-06 00:00:00",4.45,4.489,4.271,4.327,132563
"2018-12-07 00:00:00",4.348,4.57,4.231,4.488,182159
"2018-12-10 00:00:00",4.59,4.666,4.39,4.545,190053
"2018-12-11 00:00:00",4.507,4.587,4.348,4.407,175748
"2018-12-12 00:00:00",4.363,4.407,4.081,4.136,198284
"2018-12-13 00:00:00",4.096,4.307,4.05,4.124,193403
"2018-12-14 00:00:00",4.073,4.094,3.787,3.827,163126
"2018-12-17 00:00:00",3.62,3.742,3.516,3.528,142406
"2018-12-18 00:00:00",3.596,3.85,3.566,3.838,149555
"2018-12-19 00:00:00",3.839,3.893,3.563,3.726,136944
"2018-12-20 00:00:00",3.732,3.938,3.572,3.583,151305
"2018-12-21 00:00:00",3.681,3.829,3.595,3.816,99255
"2018-12-24 00:00:00",3.758,3.846,3.449,3.467,44120
"2018-12-25 00:00:00",3.416,3.497,3.406,3.49,0
"2018-12-26 00:00:00",3.456,3.586,3.315,3.543,42121
"2018-12-27 00:00:00",3.5,3.666,3.441,3.642,10236
"2018-12-28 00:00:00",3.507,3.527,3.278,3.303,132470
"2018-12-31 00:00:00",3.125,3.14,2.93,2.94,160853
"2019-01-01 00:00:00",2.932,2.993,2.922,2.982,0
"2019-01-02 00:00:00",2.921,3.039,2.905,2.958,147676
"2019-01-03 00:00:00",2.963,3.011,2.878,2.945,115803
"2019-01-04 00:00:00",2.914,3.049,2.894,3.044,122576
"2019-01-07 00:00:00",2.962,2.994,2.91,2.944,109247
"2019-01-08 00:00:00",2.95,3.053,2.948,2.967,132229
"2019-01-09 00:00:00",3.008,3.019,2.939,2.984,120962
"2019-01-10 00:00:00",2.99,3.089,2.961,2.969,154176
"2019-01-11 00:00:00",2.995,3.166,2.991,3.099,135464
"2019-01-14 00:00:00",3.325,3.618,3.281,3.591,224296
"2019-01-15 00:00:00",3.631,3.722,3.433,3.501,184629
"2019-01-16 00:00:00",3.456,3.696,3.338,3.384,191996
"2019-01-17 00:00:00",3.412,3.593,3.367,3.413,158111
"2019-01-18 00:00:00",3.436,3.499,3.201,3.482,160238
"2019-01-20 00:00:00",3.319,3.344,3.312,3.323,0
"2019-01-21 00:00:00",3.322,3.357,3.232,3.32,0
"2019-01-22 00:00:00",3.327,3.361,3.026,3.04,183142
"2019-01-23 00:00:00",3.058,3.167,2.957,2.98,132844
"2019-01-24 00:00:00",3.025,3.156,2.988,3.099,97939
"2019-01-25 00:00:00",3.16,3.207,3.047,3.178,52017
"2019-01-28 00:00:00",2.926,2.983,2.888,2.911,45802
"2019-01-29 00:00:00",2.925,2.97,2.789,2.95,12979
"2019-01-30 00:00:00",2.909,2.919,2.846,2.854,92035
"2019-01-31 00:00:00",2.868,2.918,2.802,2.814,130106
"2019-02-01 00:00:00",2.832,2.85,2.73,2.734,124495
"2019-02-04 00:00:00",2.705,2.733,2.655,2.66,116490
"2019-02-05 00:00:00",2.666,2.708,2.639,2.662,82246
"2019-02-06 00:00:00",2.685,2.72,2.651,2.662,98332
"2019-02-07 00:00:00",2.682,2.691,2.549,2.551,211794
"2019-02-08 00:00:00",2.573,2.62,2.558,2.583,147876
"2019-02-11 00:00:00",2.65,2.744,2.638,2.642,202418
"2019-02-12 00:00:00",2.647,2.698,2.618,2.688,169233
"2019-02-13 00:00:00",2.665,2.669,2.558,2.575,185480
"2019-02-14 00:00:00",2.591,2.613,2.566,2.573,101556
"2019-02-15 00:00:00",2.572,2.637,2.543,2.625,98409
"2019-02-17 00:00:00",2.619,2.628,2.611,2.618,0
"2019-02-18 00:00:00",2.619,2.663,2.602,2.646,0
"2019-02-19 00:00:00",2.621,2.673,2.6,2.662,151748
"2019-02-20 00:00:00",2.66,2.689,2.631,2.636,110138
"2019-02-21 00:00:00",2.646,2.708,2.639,2.697,97901
"2019-02-22 00:00:00",2.701,2.726,2.675,2.717,35118
"2019-02-25 00:00:00",2.757,2.851,2.733,2.836,80154
"2019-02-26 00:00:00",2.843,2.908,2.816,2.855,14315
"2019-02-27 00:00:00",2.768,2.812,2.732,2.799,94052
"2019-02-28 00:00:00",2.808,2.843,2.787,2.812,118344
"2019-03-01 00:00:00",2.805,2.872,2.78,2.859,134663
"2019-03-04 00:00:00",2.845,2.888,2.821,2.857,103657
"2019-03-05 00:00:00",2.856,2.892,2.841,2.884,103057
"2019-03-06 00:00:00",2.889,2.896,2.822,2.841,119633
"2019-03-07 00:00:00",2.845,2.871,2.812,2.866,116999
"2019-03-08 00:00:00",2.865,2.895,2.856,2.865,85877
"2019-03-11 00:00:00",2.835,2.841,2.766,2.772,136894
"2019-03-12 00:00:00",2.779,2.798,2.752,2.784,90018
"2019-03-13 00:00:00",2.791,2.839,2.762,2.82,101209
"2019-03-14 00:00:00",2.833,2.857,2.824,2.855,85276
"2019-03-15 00:00:00",2.849,2.856,2.79,2.795,82709
"2019-03-18 00:00:00",2.786,2.857,2.773,2.85,102225
"2019-03-19 00:00:00",2.845,2.897,2.835,2.874,109752
"2019-03-20 00:00:00",2.863,2.872,2.814,2.82,114170
"2019-03-21 00:00:00",2.83,2.839,2.796,2.821,83786
"2019-03-22 00:00:00",2.821,2.824,2.721,2.753,92637
"2019-03-25 00:00:00",2.724,2.766,2.706,2.755,49167
"2019-03-26 00:00:00",2.759,2.77,2.728,2.74,37149
"2019-03-27 00:00:00",2.731,2.732,2.671,2.713,9640
"2019-03-28 00:00:00",2.723,2.752,2.707,2.712,78720
"2019-03-29 00:00:00",2.72,2.728,2.656,2.662,115412
"2019-04-01 00:00:00",2.663,2.733,2.657,2.708,129455
"2019-04-02 00:00:00",2.706,2.722,2.673,2.684,106553
"2019-04-03 00:00:00",2.692,2.697,2.658,2.677,96798
"2019-04-04 00:00:00",2.673,2.685,2.636,2.643,123663
"2019-04-05 00:00:00",2.644,2.68,2.632,2.664,120318
"2019-04-08 00:00:00",2.659,2.721,2.653,2.708,154202
"2019-04-09 00:00:00",2.709,2.725,2.68,2.699,117345
"2019-04-10 00:00:00",2.705,2.729,2.686,2.7,127471
"2019-04-11 00:00:00",2.702,2.71,2.652,2.664,161210
"2019-04-12 00:00:00",2.674,2.688,2.651,2.66,88007
"2019-04-15 00:00:00",2.646,2.653,2.585,2.59,137630
"2019-04-16 00:00:00",2.589,2.594,2.57,2.572,103427
"2019-04-17 00:00:00",2.572,2.582,2.503,2.517,144893
"2019-04-18 00:00:00",2.506,2.521,2.478,2.49,168002
"2019-04-22 00:00:00",2.494,2.535,2.484,2.524,105447
"2019-04-23 00:00:00",2.528,2.535,2.447,2.455,119946
"2019-04-24 00:00:00",2.453,2.487,2.45,2.462,44970
"2019-04-25 00:00:00",2.475,2.52,2.439,2.514,53338
"2019-04-26 00:00:00",2.501,2.58,2.477,2.566,9985
"2019-04-29 00:00:00",2.578,2.598,2.546,2.593,92362
"2019-04-30 00:00:00",2.593,2.614,2.565,2.575,94247
"2019-05-01 00:00:00",2.572,2.626,2.561,2.62,105388
"2019-05-02 00:00:00",2.613,2.618,2.564,2.589,120839
"2019-05-03 00:00:00",2.589,2.611,2.553,2.567,89976
"2019-05-06 00:00:00",2.565,2.574,2.516,2.524,95205
"2019-05-07 00:00:00",2.515,2.556,2.514,2.537,115816
"2019-05-08 00:00:00",2.542,2.615,2.536,2.61,167088
"2019-05-09 00:00:00",2.604,2.607,2.561,2.595,123682
"2019-05-10 00:00:00",2.59,2.647,2.574,2.619,132054
"2019-05-13 00:00:00",2.616,2.653,2.598,2.621,116272
"2019-05-14 00:00:00",2.624,2.67,2.622,2.659,92883
"2019-05-15 00:00:00",2.651,2.669,2.595,2.601,123118
"2019-05-16 00:00:00",2.604,2.647,2.586,2.639,113105
"2019-05-17 00:00:00",2.636,2.66,2.616,2.631,79764
"2019-05-20 00:00:00",2.626,2.7,2.625,2.673,123606
"2019-05-21 00:00:00",2.667,2.668,2.609,2.613,144131
"2019-05-22 00:00:00",2.619,2.624,2.538,2.543,162715
"2019-05-23 00:00:00",2.554,2.589,2.54,2.578,118323
"2019-05-24 00:00:00",2.579,2.604,2.542,2.598,55425
"2019-05-26 00:00:00",2.605,2.613,2.602,2.61,0
"2019-05-27 00:00:00",2.609,2.622,2.564,2.584,0
"2019-05-28 00:00:00",2.597,2.613,2.535,2.582,47430
"2019-05-29 00:00:00",2.582,2.643,2.58,2.633,8814
"2019-05-30 00:00:00",2.619,2.628,2.534,2.547,167474
"2019-05-31 00:00:00",2.558,2.573,2.444,2.454,198412
"2019-06-03 00:00:00",2.444,2.475,2.382,2.403,204389
"2019-06-04 00:00:00",2.413,2.441,2.381,2.416,132766
"2019-06-05 00:00:00",2.419,2.426,2.355,2.378,109975
"2019-06-06 00:00:00",2.371,2.392,2.305,2.324,177943
"2019-06-07 00:00:00",2.334,2.355,2.306,2.337,154549
"2019-06-10 00:00:00",2.335,2.365,2.324,2.357,169928
"2019-06-11 00:00:00",2.361,2.406,2.336,2.399,163811
"2019-06-12 00:00:00",2.397,2.406,2.367,2.386,148266
"2019-06-13 00:00:00",2.381,2.384,2.32,2.325,180143
"2019-06-14 00:00:00",2.328,2.399,2.323,2.387,132413
"2019-06-17 00:00:00",2.389,2.418,2.357,2.386,120282
"2019-06-18 00:00:00",2.373,2.404,2.318,2.328,121404
"2019-06-19 00:00:00",2.332,2.358,2.268,2.276,173674
"2019-06-20 00:00:00",2.28,2.303,2.159,2.185,210065
"2019-06-21 00:00:00",2.213,2.222,2.181,2.186,92237
"2019-06-24 00:00:00",2.197,2.316,2.195,2.303,67645
"2019-06-25 00:00:00",2.303,2.315,2.255,2.308,55013
"2019-06-26 00:00:00",2.289,2.324,2.265,2.291,6628
"2019-06-27 00:00:00",2.271,2.339,2.265,2.324,108695
"2019-06-28 00:00:00",2.32,2.364,2.3,2.308,116429
"2019-07-01 00:00:00",2.33,2.331,2.217,2.267,149170
"2019-07-02 00:00:00",2.266,2.297,2.232,2.24,96732
"2019-07-03 00:00:00",2.24,2.296,2.237,2.29,91186
"2019-07-04 00:00:00",2.288,2.3,2.264,2.285,0
"2019-07-05 00:00:00",2.287,2.445,2.263,2.418,237736
"2019-07-08 00:00:00",2.46,2.467,2.369,2.403,201734
"2019-07-09 00:00:00",2.397,2.437,2.36,2.425,202653
"2019-07-10 00:00:00",2.429,2.489,2.416,2.444,193978
"2019-07-11 00:00:00",2.445,2.487,2.393,2.416,213620
"2019-07-12 00:00:00",2.41,2.481,2.397,2.453,171931
"2019-07-15 00:00:00",2.462,2.469,2.383,2.408,150758
"2019-07-16 00:00:00",2.395,2.408,2.298,2.306,148940
"2019-07-17 00:00:00",2.318,2.346,2.29,2.304,135144
"2019-07-18 00:00:00",2.309,2.355,2.266,2.287,173293
"2019-07-19 00:00:00",2.29,2.3,2.242,2.251,109057
"2019-07-22 00:00:00",2.242,2.322,2.233,2.312,168620
"2019-07-23 00:00:00",2.319,2.328,2.289,2.3,106903
"2019-07-24 00:00:00",2.29,2.297,2.212,2.22,116590
"2019-07-25 00:00:00",2.231,2.261,2.222,2.244,47529
"2019-07-26 00:00:00",2.24,2.242,2.165,2.169,45839
"2019-07-29 00:00:00",2.175,2.182,2.12,2.141,8755
"2019-07-30 00:00:00",2.116,2.142,2.107,2.137,91715
"2019-07-31 00:00:00",2.138,2.268,2.127,2.233,221834
"2019-08-01 00:00:00",2.238,2.333,2.165,2.202,251301
"2019-08-02 00:00:00",2.169,2.202,2.077,2.121,206336
"2019-08-05 00:00:00",2.078,2.109,2.029,2.07,179226
"2019-08-06 00:00:00",2.091,2.133,2.073,2.111,142248
"2019-08-07 00:00:00",2.103,2.145,2.074,2.083,203419
"2019-08-08 00:00:00",2.088,2.155,2.086,2.128,191128
"2019-08-09 00:00:00",2.124,2.145,2.064,2.119,171907
"2019-08-12 00:00:00",2.124,2.157,2.095,2.105,167913
"2019-08-13 00:00:00",2.106,2.175,2.086,2.147,199867
"2019-08-14 00:00:00",2.159,2.203,2.122,2.143,127365
"2019-08-15 00:00:00",2.159,2.267,2.138,2.232,206773
"2019-08-16 00:00:00",2.22,2.224,2.17,2.2,111985
"2019-08-19 00:00:00",2.164,2.221,2.134,2.21,144757
"2019-08-20 00:00:00",2.202,2.231,2.187,2.218,107837
"2019-08-21 00:00:00",2.214,2.238,2.157,2.17,193526
"2019-08-22 00:00:00",2.169,2.195,2.145,2.159,113108
"2019-08-23 00:00:00",2.15,2.167,2.12,2.152,81623
"2019-08-26 00:00:00",2.169,2.237,2.159,2.23,52780
"2019-08-27 00:00:00",2.231,2.233,2.175,2.202,63224
"2019-08-28 00:00:00",2.201,2.277,2.195,2.251,8660
"2019-08-29 00:00:00",2.235,2.31,2.218,2.296,200414
"2019-08-30 00:00:00",2.288,2.299,2.257,2.285,124710
"2019-09-01 00:00:00",2.292,2.292,2.274,2.275,0
"2019-09-02 00:00:00",2.274,2.343,2.268,2.312,0
"2019-09-03 00:00:00",2.288,2.365,2.269,2.358,221621
"2019-09-04 00:00:00",2.346,2.457,2.339,2.445,218505
"2019-09-05 00:00:00",2.442,2.468,2.388,2.435,229804
"2019-09-06 00:00:00",2.435,2.505,2.403,2.496,201585
"2019-09-09 00:00:00",2.527,2.608,2.496,2.585,276719
"2019-09-10 00:00:00",2.606,2.648,2.571,2.58,259973
"2019-09-11 00:00:00",2.581,2.6,2.529,2.552,211021
"2019-09-12 00:00:00",2.547,2.585,2.512,2.574,218446
"2019-09-13 00:00:00",2.573,2.639,2.553,2.614,184455
"2019-09-16 00:00:00",2.688,2.7,2.641,2.681,197192
"2019-09-17 00:00:00",2.686,2.71,2.628,2.668,180756
"2019-09-18 00:00:00",2.663,2.696,2.603,2.637,157922
"2019-09-19 00:00:00",2.639,2.639,2.53,2.538,199308
"2019-09-20 00:00:00",2.552,2.579,2.506,2.534,130294
"2019-09-23 00:00:00",2.522,2.547,2.493,2.527,114580
"2019-09-24 00:00:00",2.535,2.59,2.494,2.503,56840
"2019-09-25 00:00:00",2.497,2.519,2.455,2.502,60510
"2019-09-26 00:00:00",2.514,2.54,2.39,2.428,10412
"2019-09-27 00:00:00",2.449,2.451,2.38,2.404,132791
"2019-09-30 00:00:00",2.38,2.392,2.324,2.33,173793
"2019-10-01 00:00:00",2.325,2.334,2.268,2.283,232340
"2019-10-02 00:00:00",2.287,2.304,2.245,2.247,165877
"2019-10-03 00:00:00",2.254,2.349,2.207,2.329,275743
"2019-10-04 00:00:00",2.336,2.398,2.263,2.352,204658
"2019-10-07 00:00:00",2.333,2.342,2.287,2.303,207410
"2019-10-08 00:00:00",2.293,2.323,2.266,2.288,182127
"2019-10-09 00:00:00",2.288,2.306,2.229,2.234,197120
"2019-10-10 00:00:00",2.239,2.274,2.202,2.218,216640
"2019-10-11 00:00:00",2.203,2.262,2.187,2.214,264184
"2019-10-14 00:00:00",2.238,2.313,2.228,2.28,171686
"2019-10-15 00:00:00",2.285,2.349,2.266,2.339,177882
"2019-10-16 00:00:00",2.342,2.384,2.277,2.303,191283
"2019-10-17 00:00:00",2.292,2.365,2.284,2.318,159780
"2019-10-18 00:00:00",2.319,2.36,2.289,2.32,150021
"2019-10-21 00:00:00",2.32,2.322,2.213,2.238,215761
"2019-10-22 00:00:00",2.236,2.311,2.231,2.272,234962
"2019-10-23 00:00:00",2.274,2.305,2.251,2.282,146417
"2019-10-24 00:00:00",2.285,2.342,2.269,2.316,125646
"2019-10-25 00:00:00",2.331,2.336,2.273,2.3,63898
"2019-10-28 00:00:00",2.366,2.47,2.346,2.446,80627
"2019-10-29 00:00:00",2.459,2.64,2.449,2.597,8445
"2019-10-30 00:00:00",2.628,2.723,2.616,2.691,214545
"2019-10-31 00:00:00",2.686,2.738,2.606,2.633,222320
"2019-11-01 00:00:00",2.637,2.718,2.575,2.714,239446
"2019-11-04 00:00:00",2.796,2.842,2.781,2.821,255674
"2019-11-05 00:00:00",2.822,2.905,2.817,2.862,218498
"2019-11-06 00:00:00",2.873,2.891,2.82,2.828,189258
"2019-11-07 00:00:00",2.823,2.882,2.753,2.772,301600
"2019-11-08 00:00:00",2.792,2.822,2.755,2.789,175962
"2019-11-11 00:00:00",2.716,2.716,2.618,2.637,250309
"2019-11-12 00:00:00",2.637,2.685,2.607,2.621,199639
"2019-11-13 00:00:00",2.622,2.68,2.57,2.6,206266
"2019-11-14 00:00:00",2.674,2.696,2.625,2.647,223572
"2019-11-15 00:00:00",2.636,2.724,2.606,2.688,173528
"2019-11-18 00:00:00",2.641,2.65,2.533,2.566,186990
"2019-11-19 00:00:00",2.547,2.56,2.501,2.51,205951
"2019-11-20 00:00:00",2.514,2.581,2.505,2.559,146056
"2019-11-21 00:00:00",2.566,2.595,2.526,2.567,131312
"2019-11-22 00:00:00",2.585,2.675,2.557,2.665,84146
"2019-11-25 00:00:00",2.689,2.709,2.51,2.531,70298
"2019-11-26 00:00:00",2.52,2.532,2.421,2.47,11996
"2019-11-27 00:00:00",2.529,2.558,2.488,2.501,145157
"2019-11-28 00:00:00",2.495,2.513,2.454,2.463,0
"2019-11-29 00:00:00",2.497,2.513,2.27,2.281,244118
"2019-12-02 00:00:00",2.315,2.369,2.289,2.329,219035
"2019-12-03 00:00:00",2.345,2.51,2.34,2.441,307305
"2019-12-04 00:00:00",2.439,2.463,2.368,2.399,195334
"2019-12-05 00:00:00",2.406,2.463,2.396,2.427,179532
"2019-12-06 00:00:00",2.417,2.437,2.328,2.334,251411
"2019-12-09 00:00:00",2.21,2.258,2.158,2.232,322558
"2019-12-10 00:00:00",2.253,2.289,2.216,2.264,270886
"2019-12-11 00:00:00",2.265,2.303,2.24,2.243,220222
"2019-12-12 00:00:00",2.248,2.348,2.244,2.328,258895
"2019-12-13 00:00:00",2.341,2.342,2.253,2.296,170403
"2019-12-16 00:00:00",2.296,2.377,2.285,2.341,163027
"2019-12-17 00:00:00",2.349,2.362,2.282,2.319,162318
"2019-12-18 00:00:00",2.321,2.327,2.257,2.285,0
"2019-12-19 00:00:00",2.287,2.29,2.284,2.284,0
