golddate,openprice,highprice,lowprice,closeprice,volume
"2015-11-11 00:00:00",14.31,14.31,14.31,14.262,10
"2015-11-12 00:00:00",14.45,14.45,14.25,14.224,16
"2015-11-13 00:00:00",14.203,14.203,14.203,14.203,39517
"2015-11-15 00:00:00",14.33,14.365,14.305,14.365,0
"2015-11-16 00:00:00",14.45,14.455,14.185,14.221,4
"2015-11-17 00:00:00",14.135,14.135,14.135,14.17,2
"2015-11-18 00:00:00",14.02,14.1,14.02,14.08,14
"2015-11-19 00:00:00",14.242,14.242,14.242,14.242,33
"2015-11-20 00:00:00",14.106,14.106,14.106,14.106,1
"2015-11-22 00:00:00",14.145,14.145,14.075,14.125,0
"2015-11-23 00:00:00",14.14,14.145,14.14,14.042,3
"2015-11-24 00:00:00",14.275,14.28,14.275,14.169,5
"2015-11-25 00:00:00",14.168,14.168,14.168,14.168,1
"2015-11-26 00:00:00",14.15,14.345,14.105,14.23,0
"2015-11-27 00:00:00",14.16,14.35,13.905,14.008,17231
"2015-11-29 00:00:00",14.02,14.035,14.02,14.035,0
"2015-11-30 00:00:00",14.02,14.155,13.955,14.05,1623
"2015-12-01 00:00:00",14.04,14.215,14.04,14.055,281
"2015-12-02 00:00:00",14.125,14.14,13.89,13.979,210
"2015-12-03 00:00:00",13.855,14.095,13.77,14.053,498
"2015-12-04 00:00:00",14.05,14.555,14.05,14.505,92
"2015-12-06 00:00:00",14.53,14.565,14.45,14.47,0
"2015-12-07 00:00:00",14.48,14.605,14.32,14.307,60
"2015-12-08 00:00:00",14.195,14.25,14.13,14.091,72
"2015-12-09 00:00:00",14.14,14.265,14.11,14.164,37
"2015-12-10 00:00:00",14.11,14.115,14.08,14.085,6
"2015-12-11 00:00:00",14.025,14.025,13.86,13.859,20
"2015-12-13 00:00:00",13.9,13.97,13.89,13.94,0
"2015-12-14 00:00:00",13.875,13.925,13.69,13.666,90
"2015-12-15 00:00:00",13.635,13.635,13.635,13.74,2
"2015-12-16 00:00:00",13.76,14.235,13.76,14.218,22
"2015-12-17 00:00:00",13.885,13.885,13.695,13.683,150
"2015-12-18 00:00:00",13.82,14.16,13.82,14.08,20
"2015-12-20 00:00:00",14.1,14.105,14.04,14.06,0
"2015-12-21 00:00:00",14.105,14.3,14.105,14.301,19
"2015-12-22 00:00:00",14.225,14.38,14.225,14.302,35
"2015-12-23 00:00:00",14.3,14.3,14.24,14.277,71
"2015-12-24 00:00:00",14.365,14.365,14.365,14.369,4
"2015-12-27 00:00:00",14.34,14.36,14.32,14.34,0
"2015-12-28 00:00:00",14.035,14.035,13.855,13.873,10
"2015-12-29 00:00:00",14.02,14.02,14.02,13.917,8
"2015-12-30 00:00:00",13.925,13.925,13.745,13.814,106
"2015-12-31 00:00:00",13.775,13.775,13.775,13.775,13
"2016-01-03 00:00:00",13.84,13.89,13.84,13.89,0
"2016-01-04 00:00:00",14.1,14.1,13.86,13.817,27
"2016-01-05 00:00:00",13.949,13.949,13.949,13.949,4
"2016-01-06 00:00:00",14,14.065,14,13.957,105
"2016-01-07 00:00:00",14.33,14.34,14.33,14.335,286
"2016-01-08 00:00:00",14.06,14.06,13.92,13.908,6
"2016-01-10 00:00:00",13.965,13.975,13.935,13.945,0
"2016-01-11 00:00:00",13.95,14.01,13.95,13.855,17
"2016-01-12 00:00:00",13.86,13.86,13.71,13.74,15
"2016-01-13 00:00:00",13.85,14.1,13.85,14.145,17
"2016-01-14 00:00:00",13.737,13.737,13.737,13.737,1
"2016-01-15 00:00:00",13.884,13.884,13.884,13.884,44607
"2016-01-17 00:00:00",13.905,13.92,13.9,13.91,0
"2016-01-18 00:00:00",13.905,13.985,13.835,13.9,0
"2016-01-19 00:00:00",14.065,14.065,14.065,14.11,3
"2016-01-20 00:00:00",14.147,14.147,14.147,14.147,1
"2016-01-21 00:00:00",14.083,14.083,14.083,14.083,2
"2016-01-22 00:00:00",14.29,14.29,14.29,14.043,7
"2016-01-24 00:00:00",14.035,14.07,14.03,14.05,0
"2016-01-25 00:00:00",14.095,14.095,14.095,14.24,8
"2016-01-26 00:00:00",14.385,14.385,14.385,14.544,1
"2016-01-27 00:00:00",14.44,14.44,14.44,14.44,37694
"2016-01-28 00:00:00",14.355,14.355,14.215,14.216,27
"2016-01-29 00:00:00",14.265,14.265,14.265,14.229,27
"2016-01-31 00:00:00",14.245,14.26,14.22,14.25,0
"2016-02-01 00:00:00",14.245,14.37,14.235,14.329,9
"2016-02-02 00:00:00",14.26,14.26,14.255,14.276,2
"2016-02-03 00:00:00",14.4,14.775,14.4,14.72,47
"2016-02-04 00:00:00",14.765,14.9,14.735,14.836,23
"2016-02-05 00:00:00",14.86,14.9,14.725,14.764,7
"2016-02-07 00:00:00",15.03,15.05,14.91,14.95,0
"2016-02-08 00:00:00",14.91,15.42,14.91,15.416,62
"2016-02-09 00:00:00",15.39,15.395,15.34,15.444,18
"2016-02-10 00:00:00",15.3,15.3,15.3,15.277,3
"2016-02-11 00:00:00",15.3,15.785,15.3,15.789,58
"2016-02-12 00:00:00",15.73,15.73,15.73,15.785,2
"2016-02-14 00:00:00",15.79,15.79,15.66,15.73,0
"2016-02-15 00:00:00",15.725,15.74,15.195,15.335,0
"2016-02-16 00:00:00",15.385,15.385,15.385,15.329,7
"2016-02-17 00:00:00",15.372,15.372,15.372,15.372,4
"2016-02-18 00:00:00",15.427,15.427,15.427,15.427,62250
"2016-02-19 00:00:00",15.368,15.368,15.368,15.368,50791
"2016-02-21 00:00:00",15.355,15.37,15.32,15.34,0
"2016-02-22 00:00:00",15.179,15.179,15.179,15.179,1
"2016-02-23 00:00:00",15.235,15.235,15.235,15.235,59962
"2016-02-24 00:00:00",15.292,15.292,15.292,15.292,83784
"2016-02-25 00:00:00",15.185,15.185,15.185,15.165,1
"2016-02-26 00:00:00",15.135,15.23,14.675,14.689,23335
"2016-02-28 00:00:00",14.685,14.76,14.685,14.76,0
"2016-02-29 00:00:00",14.735,14.925,14.61,14.896,1598
"2016-03-01 00:00:00",14.925,15.04,14.725,14.733,921
"2016-03-02 00:00:00",14.81,15,14.76,15.003,809
"2016-03-03 00:00:00",14.945,15.33,14.92,15.131,678
"2016-03-04 00:00:00",15.22,15.78,15.14,15.681,912
"2016-03-06 00:00:00",15.52,15.62,15.52,15.61,0
"2016-03-07 00:00:00",15.57,15.795,15.525,15.623,933
"2016-03-08 00:00:00",15.71,15.75,15.365,15.384,906
"2016-03-09 00:00:00",15.385,15.395,15.195,15.355,163
"2016-03-10 00:00:00",15.315,15.625,15.175,15.546,571
"2016-03-11 00:00:00",15.605,15.66,15.55,15.607,379
"2016-03-13 00:00:00",15.515,15.55,15.49,15.53,0
"2016-03-14 00:00:00",15.55,15.8,15.37,15.518,276
"2016-03-15 00:00:00",15.385,15.41,15.245,15.255,259
"2016-03-16 00:00:00",15.27,15.66,15.22,15.214,167
"2016-03-17 00:00:00",15.63,16.035,15.595,16.022,382
"2016-03-18 00:00:00",16.085,16.15,15.87,15.806,118
"2016-03-20 00:00:00",15.81,15.86,15.79,15.8,0
"2016-03-21 00:00:00",15.795,15.86,15.75,15.841,21
"2016-03-22 00:00:00",15.95,15.955,15.845,15.877,45
"2016-03-23 00:00:00",15.5,15.5,15.255,15.263,215
"2016-03-24 00:00:00",15.29,15.315,15.18,15.191,73
"2016-03-25 00:00:00",15.2,15.2,15.2,15.2,0
"2016-03-27 00:00:00",15.195,15.24,15.15,15.22,0
"2016-03-28 00:00:00",15.18,15.325,15.18,15.194,91
"2016-03-29 00:00:00",15.115,15.175,15.115,15.237,8
"2016-03-30 00:00:00",15.365,15.365,15.215,15.206,36
"2016-03-31 00:00:00",15.42,15.44,15.42,15.46,39
"2016-04-01 00:00:00",15.042,15.042,15.042,15.042,71485
"2016-04-03 00:00:00",15.05,15.08,14.995,15.02,0
"2016-04-04 00:00:00",15.02,15.02,15.015,14.942,4
"2016-04-05 00:00:00",15.114,15.114,15.114,15.114,8
"2016-04-06 00:00:00",15.052,15.052,15.052,15.052,41545
"2016-04-07 00:00:00",15.156,15.156,15.156,15.156,12
"2016-04-08 00:00:00",15.382,15.382,15.382,15.382,43343
"2016-04-10 00:00:00",15.36,15.47,15.36,15.395,0
"2016-04-11 00:00:00",15.47,15.805,15.47,15.974,14
"2016-04-12 00:00:00",15.96,16.16,15.96,16.22,7
"2016-04-13 00:00:00",16.125,16.295,16.125,16.323,4
"2016-04-14 00:00:00",16.065,16.19,16.065,16.169,2
"2016-04-15 00:00:00",16.24,16.24,16.165,16.309,35
"2016-04-17 00:00:00",16.255,16.315,16.23,16.265,0
"2016-04-18 00:00:00",16.215,16.225,16.215,16.249,4
"2016-04-19 00:00:00",16.968,16.968,16.968,16.968,107564
"2016-04-20 00:00:00",16.965,16.965,16.94,17.131,2
"2016-04-21 00:00:00",17.086,17.086,17.086,17.086,48
"2016-04-22 00:00:00",16.896,16.896,16.896,16.896,7
"2016-04-24 00:00:00",16.96,17.04,16.93,17.04,0
"2016-04-25 00:00:00",17.005,17.005,17.005,17.005,1
"2016-04-26 00:00:00",17.106,17.106,17.106,17.106,2
"2016-04-27 00:00:00",17.286,17.286,17.286,17.286,60505
"2016-04-28 00:00:00",17.23,17.655,17.14,17.553,24298
"2016-04-29 00:00:00",17.59,17.99,17.59,17.789,4872
"2016-05-01 00:00:00",17.85,17.89,17.82,17.88,0
"2016-05-02 00:00:00",17.85,18.03,17.52,17.656,1122
"2016-05-03 00:00:00",17.585,17.73,17.36,17.474,452
"2016-05-04 00:00:00",17.475,17.475,17.2,17.277,421
"2016-05-05 00:00:00",17.365,17.605,17.27,17.302,242
"2016-05-06 00:00:00",17.34,17.59,17.335,17.507,128
"2016-05-08 00:00:00",17.45,17.49,17.44,17.45,0
"2016-05-09 00:00:00",17.47,17.475,16.96,17.07,368
"2016-05-10 00:00:00",16.97,17.13,16.96,17.075,190
"2016-05-11 00:00:00",17.235,17.575,17.23,17.302,58
"2016-05-12 00:00:00",17.32,17.32,17.29,17.087,36
"2016-05-13 00:00:00",17.155,17.18,16.985,17.115,54
"2016-05-15 00:00:00",17.08,17.18,17.08,17.15,0
"2016-05-16 00:00:00",17.22,17.22,17.17,17.142,30
"2016-05-17 00:00:00",17.32,17.32,17.26,17.235,65
"2016-05-18 00:00:00",17.145,17.145,16.8,17.12,78
"2016-05-19 00:00:00",16.91,16.91,16.415,16.479,80
"2016-05-20 00:00:00",16.465,16.465,16.465,16.519,2
"2016-05-22 00:00:00",16.5,16.52,16.49,16.5,0
"2016-05-23 00:00:00",16.32,16.435,16.32,16.41,23
"2016-05-24 00:00:00",16.32,16.32,16.255,16.238,10
"2016-05-25 00:00:00",16.245,16.335,16.245,16.255,205
"2016-05-26 00:00:00",16.285,16.455,16.28,16.338,10
"2016-05-27 00:00:00",16.295,16.325,16.175,16.246,400
"2016-05-30 00:00:00",16.14,16.14,15.915,16.035,0
"2016-05-31 00:00:00",16.01,16.105,15.96,15.972,80
"2016-06-01 00:00:00",16,16,15.92,15.906,7
"2016-06-02 00:00:00",16.025,16.025,16.025,16.005,2
"2016-06-03 00:00:00",16.35,16.43,16.345,16.346,7
"2016-06-05 00:00:00",16.41,16.46,16.41,16.455,0
"2016-06-06 00:00:00",16.428,16.428,16.428,16.428,3
"2016-06-07 00:00:00",16.377,16.377,16.377,16.377,3
"2016-06-08 00:00:00",16.55,17.05,16.55,16.968,10
"2016-06-09 00:00:00",17.13,17.165,16.98,17.253,25
"2016-06-10 00:00:00",17.315,17.315,17.315,17.315,1
"2016-06-12 00:00:00",17.35,17.375,17.325,17.375,0
"2016-06-13 00:00:00",17.428,17.428,17.428,17.428,2
"2016-06-14 00:00:00",17.41,17.41,17.41,17.41,18
"2016-06-15 00:00:00",17.49,17.49,17.49,17.489,1
"2016-06-16 00:00:00",17.7,17.7,17.255,17.594,10
"2016-06-17 00:00:00",17.42,17.455,17.42,17.4,2
"2016-06-19 00:00:00",17.46,17.475,17.3,17.45,0
"2016-06-20 00:00:00",17.445,17.445,17.445,17.503,3
"2016-06-21 00:00:00",17.311,17.311,17.311,17.311,80
"2016-06-22 00:00:00",17.23,17.24,17.23,17.305,3
"2016-06-23 00:00:00",17.348,17.348,17.348,17.348,4
"2016-06-24 00:00:00",17.215,17.825,17.215,17.785,64
"2016-06-26 00:00:00",17.8,17.96,17.8,17.93,0
"2016-06-27 00:00:00",17.865,17.865,17.865,17.74,1
"2016-06-28 00:00:00",17.839,17.839,17.839,17.839,10
"2016-06-29 00:00:00",17.8,18.515,17.8,18.362,26073
"2016-06-30 00:00:00",18.315,18.855,18.245,18.582,1444
"2016-07-01 00:00:00",18.79,19.925,18.775,19.544,1083
"2016-07-03 00:00:00",19.83,20.057,19.763,20.03,0
"2016-07-04 00:00:00",20.025,21.207,20.02,20.49,0
"2016-07-05 00:00:00",19.755,21.095,19.625,19.866,948
"2016-07-06 00:00:00",20.33,20.495,19.945,20.16,407
"2016-07-07 00:00:00",20.14,20.22,19.53,19.798,536
"2016-07-08 00:00:00",19.735,20.21,19.4,20.058,384
"2016-07-10 00:00:00",20.32,20.565,20.32,20.538,0
"2016-07-11 00:00:00",20.37,20.605,20.215,20.264,138
"2016-07-12 00:00:00",20.41,20.465,20.1,20.13,141
"2016-07-13 00:00:00",20.385,20.42,20.195,20.37,86
"2016-07-14 00:00:00",20.44,20.44,20.085,20.281,115
"2016-07-15 00:00:00",20.23,20.23,20.08,20.125,93
"2016-07-17 00:00:00",20.307,20.307,20.178,20.248,0
"2016-07-18 00:00:00",20.025,20.095,19.745,20.044,301
"2016-07-19 00:00:00",19.96,20.01,19.92,19.975,46
"2016-07-20 00:00:00",19.625,19.625,19.41,19.582,136
"2016-07-21 00:00:00",19.375,19.535,19.325,19.784,28
"2016-07-22 00:00:00",19.79,19.795,19.79,19.657,75
"2016-07-24 00:00:00",19.69,19.69,19.633,19.652,0
"2016-07-25 00:00:00",19.5,19.665,19.4,19.615,122
"2016-07-26 00:00:00",19.675,19.685,19.59,19.655,171
"2016-07-27 00:00:00",19.965,19.965,19.965,19.965,1
"2016-07-28 00:00:00",20.29,20.5,20.205,20.16,23
"2016-07-29 00:00:00",20.2,20.3,20.07,20.312,90
"2016-07-31 00:00:00",20.377,20.438,20.37,20.407,0
"2016-08-01 00:00:00",20.51,20.655,20.495,20.465,19
"2016-08-02 00:00:00",20.405,20.75,20.405,20.666,32
"2016-08-03 00:00:00",20.625,20.645,20.405,20.436,22
"2016-08-04 00:00:00",20.395,20.42,20.1,20.406,28
"2016-08-05 00:00:00",20.27,20.27,20.27,19.78,10
"2016-08-07 00:00:00",19.742,19.742,19.595,19.693,0
"2016-08-08 00:00:00",19.69,19.84,19.69,19.768,29
"2016-08-09 00:00:00",19.814,19.814,19.814,19.814,9
"2016-08-10 00:00:00",20.195,20.355,20.185,20.134,10
"2016-08-11 00:00:00",19.984,19.984,19.984,19.984,62
"2016-08-12 00:00:00",19.71,19.73,19.71,19.672,10
"2016-08-14 00:00:00",19.72,19.82,19.715,19.818,0
"2016-08-15 00:00:00",19.821,19.821,19.821,19.821,1
"2016-08-16 00:00:00",19.95,20.065,19.92,19.848,27
"2016-08-17 00:00:00",19.695,19.695,19.695,19.627,1
"2016-08-18 00:00:00",19.83,19.85,19.76,19.72,12
"2016-08-19 00:00:00",19.365,19.365,19.365,19.301,2
"2016-08-21 00:00:00",19.29,19.29,18.715,18.987,0
"2016-08-22 00:00:00",18.855,18.95,18.845,18.843,24
"2016-08-23 00:00:00",18.925,18.925,18.925,18.91,26
"2016-08-24 00:00:00",18.82,18.82,18.54,18.545,13
"2016-08-25 00:00:00",18.505,18.505,18.505,18.478,3
"2016-08-26 00:00:00",18.695,18.695,18.595,18.645,4
"2016-08-28 00:00:00",18.62,18.62,18.52,18.54,0
"2016-08-29 00:00:00",18.762,18.762,18.762,18.762,1
"2016-08-30 00:00:00",18.86,18.94,18.55,18.577,14289
"2016-08-31 00:00:00",18.58,18.795,18.52,18.622,1589
"2016-09-01 00:00:00",18.7,18.9,18.585,18.857,370
"2016-09-02 00:00:00",18.86,19.395,18.78,19.276,508
"2016-09-04 00:00:00",19.47,19.498,19.428,19.447,0
"2016-09-05 00:00:00",19.453,19.652,19.38,19.633,0
"2016-09-06 00:00:00",19.395,20.1,19.315,20.049,825
"2016-09-07 00:00:00",19.97,20.015,19.735,19.759,236
"2016-09-08 00:00:00",19.795,19.875,19.58,19.591,237
"2016-09-09 00:00:00",19.615,19.62,19.025,19.282,125
"2016-09-11 00:00:00",19.113,19.22,19.113,19.157,0
"2016-09-12 00:00:00",19.035,19.035,18.715,18.915,253
"2016-09-13 00:00:00",19.17,19.17,18.965,18.89,76
"2016-09-14 00:00:00",18.995,18.995,18.985,18.982,107
"2016-09-15 00:00:00",18.965,19.04,18.81,18.959,133
"2016-09-16 00:00:00",18.89,18.89,18.75,18.781,79
"2016-09-18 00:00:00",18.845,18.918,18.84,18.883,0
"2016-09-19 00:00:00",18.875,19.235,18.875,19.206,48
"2016-09-20 00:00:00",19.2,19.2,19.14,19.195,13
"2016-09-21 00:00:00",19.686,19.686,19.686,19.686,22
"2016-09-22 00:00:00",19.985,20.01,19.88,20.02,42
"2016-09-23 00:00:00",19.855,19.855,19.76,19.733,48
"2016-09-25 00:00:00",19.74,19.803,19.74,19.782,0
"2016-09-26 00:00:00",19.56,19.56,19.56,19.516,38
"2016-09-27 00:00:00",19.38,19.38,19.12,19.087,30
"2016-09-28 00:00:00",19.05,19.055,19.05,19.044,54
"2016-09-29 00:00:00",19.225,19.225,19.01,19.115,94
"2016-09-30 00:00:00",19.4,19.6,19.15,19.139,70
"2016-10-02 00:00:00",19.227,19.26,19.16,19.218,0
"2016-10-03 00:00:00",18.87,18.87,18.8,18.795,13
"2016-10-04 00:00:00",18.5,18.5,18,17.713,160
"2016-10-05 00:00:00",17.85,17.85,17.605,17.634,19
"2016-10-06 00:00:00",17.735,17.765,17.28,17.288,16
"2016-10-07 00:00:00",17.245,17.52,17.195,17.324,69
"2016-10-09 00:00:00",17.572,17.742,17.572,17.712,0
"2016-10-10 00:00:00",17.685,17.685,17.655,17.605,3
"2016-10-11 00:00:00",17.65,17.65,17.65,17.456,5
"2016-10-12 00:00:00",17.5,17.5,17.5,17.455,11
"2016-10-13 00:00:00",17.44,17.45,17.435,17.41,9
"2016-10-14 00:00:00",17.345,17.435,17.33,17.393,32
"2016-10-16 00:00:00",17.45,17.468,17.413,17.462,0
"2016-10-17 00:00:00",17.415,17.415,17.415,17.426,13
"2016-10-18 00:00:00",17.65,17.65,17.495,17.591,21
"2016-10-19 00:00:00",17.585,17.71,17.585,17.616,9
"2016-10-20 00:00:00",17.685,17.685,17.425,17.502,17
"2016-10-21 00:00:00",17.448,17.448,17.448,17.448,59
"2016-10-23 00:00:00",17.538,17.538,17.49,17.525,0
"2016-10-24 00:00:00",17.562,17.562,17.562,17.562,113
"2016-10-25 00:00:00",17.63,17.66,17.63,17.736,12
"2016-10-26 00:00:00",17.655,17.655,17.655,17.585,6
"2016-10-27 00:00:00",17.59,17.59,17.59,17.604,17
"2016-10-28 00:00:00",17.625,17.855,17.605,17.762,38
"2016-10-30 00:00:00",17.8,17.865,17.8,17.84,0
"2016-10-31 00:00:00",17.81,17.81,17.81,17.762,4
"2016-11-01 00:00:00",18,18.45,18,18.385,50
"2016-11-02 00:00:00",18.33,18.6,18.33,18.66,14
"2016-11-03 00:00:00",18.33,18.33,18.33,18.383,4
"2016-11-04 00:00:00",18.37,18.37,18.37,18.342,10
"2016-11-06 00:00:00",18.26,18.26,18.13,18.175,0
"2016-11-07 00:00:00",18.15,18.195,18.15,18.124,10
"2016-11-08 00:00:00",18.3,18.7,18.3,18.33,21
"2016-11-09 00:00:00",18.77,18.8,18.405,18.357,19
"2016-11-10 00:00:00",18.475,18.475,18.46,18.716,4
"2016-11-11 00:00:00",18.705,18.8,17.335,17.364,29
"2016-11-13 00:00:00",17.332,17.487,17.332,17.457,0
"2016-11-14 00:00:00",17.46,17.46,16.805,16.877,22
"2016-11-15 00:00:00",17.05,17.05,17.05,17.029,1
"2016-11-16 00:00:00",16.925,16.925,16.925,16.914,1
"2016-11-17 00:00:00",16.761,16.761,16.761,16.761,245
"2016-11-18 00:00:00",16.613,16.613,16.613,16.613,25
"2016-11-20 00:00:00",16.6,16.6,16.527,16.553,0
"2016-11-21 00:00:00",16.55,16.55,16.55,16.512,3
"2016-11-22 00:00:00",16.623,16.623,16.623,16.623,129
"2016-11-23 00:00:00",16.255,16.26,16.255,16.383,2
"2016-11-24 00:00:00",16.348,16.39,16.218,16.343,0
"2016-11-25 00:00:00",16.54,16.54,16.54,16.464,1
"2016-11-28 00:00:00",16.578,16.578,16.578,16.578,317
"2016-11-29 00:00:00",16.605,16.7,16.39,16.661,17875
"2016-11-30 00:00:00",16.545,16.715,16.395,16.406,1213
"2016-12-01 00:00:00",16.495,16.63,16.25,16.427,777
"2016-12-02 00:00:00",16.615,16.775,16.305,16.753,144
"2016-12-04 00:00:00",16.793,17.047,16.793,16.862,0
"2016-12-05 00:00:00",16.905,16.96,16.525,16.824,204
"2016-12-06 00:00:00",16.84,16.86,16.765,16.74,268
"2016-12-07 00:00:00",16.665,17.19,16.645,17.203,40
"2016-12-08 00:00:00",17.1,17.11,16.995,17.025,75
"2016-12-09 00:00:00",16.98,17.02,16.82,16.897,186
"2016-12-11 00:00:00",16.932,16.973,16.9,16.968,0
"2016-12-12 00:00:00",16.83,17.145,16.83,17.116,104
"2016-12-13 00:00:00",17.075,17.15,16.765,16.911,201
"2016-12-14 00:00:00",17.14,17.14,16.8,17.152,164
"2016-12-15 00:00:00",16.5,16.5,15.89,15.897,420
"2016-12-16 00:00:00",16,16,16,16.153,135
"2016-12-18 00:00:00",16.145,16.172,16.14,16.163,0
"2016-12-19 00:00:00",16,16,15.98,16.026,9
"2016-12-20 00:00:00",15.71,16.025,15.7,16.054,17
"2016-12-21 00:00:00",16.105,16.125,15.95,15.918,187
"2016-12-22 00:00:00",15.915,15.97,15.79,15.815,75
"2016-12-23 00:00:00",15.775,15.8,15.74,15.704,10
"2016-12-26 00:00:00",15.828,15.867,15.817,15.825,0
"2016-12-27 00:00:00",15.84,15.84,15.84,15.929,14
"2016-12-28 00:00:00",16,16.025,15.875,15.988,175
"2016-12-29 00:00:00",15.995,16.2,15.995,16.163,119
"2016-12-30 00:00:00",16.235,16.235,15.86,15.936,155
"2017-01-02 00:00:00",15.985,16.027,15.968,16.015,0
"2017-01-03 00:00:00",16.04,16.435,16.03,16.356,6
"2017-01-04 00:00:00",16.4,16.48,16.395,16.499,7
"2017-01-05 00:00:00",16.645,16.71,16.62,16.584,5
"2017-01-06 00:00:00",16.375,16.49,16.375,16.466,4
"2017-01-08 00:00:00",16.513,16.557,16.498,16.557,0
"2017-01-09 00:00:00",16.445,16.66,16.445,16.63,4
"2017-01-10 00:00:00",16.635,16.8,16.595,16.803,242
"2017-01-11 00:00:00",16.61,16.61,16.61,16.783,3
"2017-01-12 00:00:00",16.78,16.78,16.78,16.78,5
"2017-01-13 00:00:00",16.72,16.72,16.72,16.72,9
"2017-01-15 00:00:00",16.852,16.938,16.843,16.898,0
"2017-01-16 00:00:00",16.898,16.947,16.812,16.832,0
"2017-01-17 00:00:00",17.102,17.102,17.102,17.102,860
"2017-01-18 00:00:00",17.21,17.215,17.21,17.235,104
"2017-01-19 00:00:00",16.967,16.967,16.967,16.967,4
"2017-01-20 00:00:00",16.925,17.12,16.925,16.997,67
"2017-01-22 00:00:00",17.127,17.2,17.127,17.182,0
"2017-01-23 00:00:00",17.2,17.2,17.13,17.15,10
"2017-01-24 00:00:00",17.149,17.149,17.149,17.149,2
"2017-01-25 00:00:00",16.83,16.96,16.83,16.944,5
"2017-01-26 00:00:00",16.814,16.814,16.814,16.814,396
"2017-01-27 00:00:00",17.1,17.1,17.1,17.1,1
"2017-01-29 00:00:00",17.18,17.233,17.17,17.218,0
"2017-01-30 00:00:00",17.15,17.15,17.15,17.122,26
"2017-01-31 00:00:00",17.33,17.56,17.33,17.512,29
"2017-02-01 00:00:00",17.45,17.59,17.45,17.42,15
"2017-02-02 00:00:00",17.67,17.67,17.44,17.402,19
"2017-02-03 00:00:00",17.405,17.45,17.405,17.453,2
"2017-02-05 00:00:00",17.52,17.545,17.468,17.487,0
"2017-02-06 00:00:00",17.595,17.73,17.57,17.667,25
"2017-02-07 00:00:00",17.575,17.64,17.575,17.733,6
"2017-02-08 00:00:00",17.645,17.8,17.645,17.683,16
"2017-02-09 00:00:00",17.75,17.815,17.75,17.72,109
"2017-02-10 00:00:00",17.58,17.965,17.58,17.912,67
"2017-02-12 00:00:00",17.913,17.947,17.913,17.932,0
"2017-02-13 00:00:00",17.9,17.9,17.9,17.804,8
"2017-02-14 00:00:00",17.95,17.96,17.93,17.872,26
"2017-02-15 00:00:00",17.92,17.96,17.92,17.947,24
"2017-02-16 00:00:00",18.05,18.05,18.05,18.063,16
"2017-02-17 00:00:00",18.005,18.05,18.005,18.019,175
"2017-02-19 00:00:00",17.99,18.027,17.98,18.002,0
"2017-02-20 00:00:00",18.002,18.06,17.91,18.043,0
"2017-02-21 00:00:00",17.99,18.05,17.96,17.99,189
"2017-02-22 00:00:00",17.942,17.942,17.942,17.942,3831
"2017-02-23 00:00:00",18.055,18.11,18.055,18.113,68
"2017-02-24 00:00:00",18.335,18.335,18.335,18.335,2845
"2017-02-26 00:00:00",18.42,18.43,18.383,18.388,0
"2017-02-27 00:00:00",18.355,18.475,18.205,18.354,24873
"2017-02-28 00:00:00",18.29,18.445,18.235,18.42,4006
"2017-03-01 00:00:00",18.295,18.455,18.25,18.443,985
"2017-03-02 00:00:00",18.405,18.405,17.69,17.705,898
"2017-03-03 00:00:00",17.79,17.945,17.625,17.697,451
"2017-03-05 00:00:00",17.98,17.98,17.938,17.977,0
"2017-03-06 00:00:00",17.9,17.9,17.7,17.725,304
"2017-03-07 00:00:00",17.72,17.72,17.465,17.492,359
"2017-03-08 00:00:00",17.485,17.5,17.21,17.257,886
"2017-03-09 00:00:00",17.16,17.255,16.925,16.993,108
"2017-03-10 00:00:00",16.925,17.05,16.835,16.883,170
"2017-03-12 00:00:00",17.05,17.062,17,17.017,0
"2017-03-13 00:00:00",16.975,17.09,16.94,16.935,207
"2017-03-14 00:00:00",16.925,16.96,16.91,16.888,92
"2017-03-15 00:00:00",16.9,17.22,16.82,16.888,122
"2017-03-16 00:00:00",17.39,17.47,17.255,17.296,226
"2017-03-17 00:00:00",17.3,17.36,17.28,17.379,59
"2017-03-19 00:00:00",17.415,17.43,17.398,17.428,0
"2017-03-20 00:00:00",17.425,17.425,17.355,17.403,83
"2017-03-21 00:00:00",17.335,17.53,17.335,17.55,21
"2017-03-22 00:00:00",17.55,17.55,17.54,17.545,11
"2017-03-23 00:00:00",17.575,17.575,17.575,17.563,29
"2017-03-24 00:00:00",17.72,17.72,17.72,17.72,244
"2017-03-26 00:00:00",17.8,17.883,17.8,17.855,0
"2017-03-27 00:00:00",18.1,18.1,18.1,18.08,10
"2017-03-28 00:00:00",18.145,18.185,18.14,18.225,74
"2017-03-29 00:00:00",18.228,18.228,18.228,18.228,4
"2017-03-30 00:00:00",18.16,18.25,18.16,18.185,61
"2017-03-31 00:00:00",18.12,18.12,18.115,18.235,19
"2017-04-02 00:00:00",18.28,18.28,18.237,18.237,0
"2017-04-03 00:00:00",18.22,18.22,18.2,18.191,24
"2017-04-04 00:00:00",18.302,18.302,18.302,18.302,10
"2017-04-05 00:00:00",18.215,18.215,18.165,18.166,33
"2017-04-06 00:00:00",18.17,18.17,18.17,18.225,139
"2017-04-07 00:00:00",18.35,18.425,18.35,18.13,9
"2017-04-09 00:00:00",17.992,18.023,17.93,17.992,0
"2017-04-10 00:00:00",17.82,17.83,17.75,17.894,57
"2017-04-11 00:00:00",18.04,18.29,18.04,18.233,24
"2017-04-12 00:00:00",18.32,18.39,18.32,18.279,137
"2017-04-13 00:00:00",18.475,18.5,18.47,18.489,7
"2017-04-14 00:00:00",18.545,18.545,18.545,18.545,0
"2017-04-16 00:00:00",18.58,18.63,18.56,18.62,0
"2017-04-17 00:00:00",18.43,18.435,18.43,18.493,7
"2017-04-18 00:00:00",18.251,18.251,18.251,18.251,36120
"2017-04-19 00:00:00",18.136,18.136,18.136,18.136,67
"2017-04-20 00:00:00",17.992,17.992,17.992,17.992,41780
"2017-04-21 00:00:00",17.985,17.99,17.855,17.83,35
"2017-04-23 00:00:00",17.85,17.91,17.68,17.91,0
"2017-04-24 00:00:00",17.848,17.848,17.848,17.848,46779
"2017-04-25 00:00:00",17.575,17.575,17.56,17.581,29
"2017-04-26 00:00:00",17.353,17.353,17.353,17.353,67568
"2017-04-27 00:00:00",17.46,17.47,17.205,17.265,35737
"2017-04-28 00:00:00",17.225,17.375,17.13,17.191,1538
"2017-04-30 00:00:00",17.264,17.311,17.264,17.295,0
"2017-05-01 00:00:00",17.185,17.215,16.76,16.78,1436
"2017-05-02 00:00:00",16.855,16.955,16.755,16.769,543
"2017-05-03 00:00:00",16.8,16.835,16.42,16.487,1233
"2017-05-04 00:00:00",16.425,16.55,16.21,16.244,679
"2017-05-05 00:00:00",16.29,16.465,16.195,16.215,193
"2017-05-07 00:00:00",16.311,16.491,16.311,16.49,0
"2017-05-08 00:00:00",16.26,16.395,16.2,16.199,148
"2017-05-09 00:00:00",16.145,16.185,16.03,16.008,89
"2017-05-10 00:00:00",16.145,16.235,16.1,16.151,125
"2017-05-11 00:00:00",16.155,16.315,16.155,16.209,71
"2017-05-12 00:00:00",16.285,16.405,16.28,16.346,36
"2017-05-14 00:00:00",16.467,16.505,16.467,16.471,0
"2017-05-15 00:00:00",16.435,16.735,16.425,16.561,82
"2017-05-16 00:00:00",16.58,16.775,16.58,16.693,51
"2017-05-17 00:00:00",16.855,16.955,16.74,16.852,124
"2017-05-18 00:00:00",16.7,16.705,16.51,16.621,57
"2017-05-19 00:00:00",16.525,16.775,16.525,16.75,73
"2017-05-21 00:00:00",16.873,17.145,16.857,16.99,0
"2017-05-22 00:00:00",17.143,17.143,17.143,17.143,2
"2017-05-23 00:00:00",17.08,17.23,17.01,17.091,66
"2017-05-24 00:00:00",16.99,17.075,16.99,17.077,16
"2017-05-25 00:00:00",17.165,17.19,17.15,17.152,86
"2017-05-26 00:00:00",17.105,17.31,17.1,17.283,31
"2017-05-28 00:00:00",17.348,17.394,17.348,17.39,0
"2017-05-29 00:00:00",17.385,17.449,17.33,17.392,0
"2017-05-30 00:00:00",17.335,17.4,17.21,17.388,884
"2017-05-31 00:00:00",17.21,17.34,17.21,17.368,47
"2017-06-01 00:00:00",17.3,17.305,17.025,17.243,83
"2017-06-02 00:00:00",17.205,17.505,17.12,17.487,254
"2017-06-04 00:00:00",17.548,17.593,17.533,17.574,0
"2017-06-05 00:00:00",17.545,17.6,17.545,17.547,11
"2017-06-06 00:00:00",17.51,17.695,17.51,17.677,18
"2017-06-07 00:00:00",17.625,17.69,17.51,17.587,97
"2017-06-08 00:00:00",17.595,17.605,17.365,17.384,23
"2017-06-09 00:00:00",17.455,17.455,17.175,17.193,34
"2017-06-11 00:00:00",17.165,17.178,17.119,17.147,0
"2017-06-12 00:00:00",17.115,17.115,17.005,16.914,7
"2017-06-13 00:00:00",16.915,16.915,16.765,16.738,35
"2017-06-14 00:00:00",16.84,17.18,16.84,17.107,80
"2017-06-15 00:00:00",16.63,16.73,16.63,16.691,13
"2017-06-16 00:00:00",16.735,16.735,16.695,16.636,4
"2017-06-18 00:00:00",16.649,16.669,16.642,16.668,0
"2017-06-19 00:00:00",16.51,16.53,16.5,16.483,13
"2017-06-20 00:00:00",16.47,16.57,16.375,16.398,51
"2017-06-21 00:00:00",16.46,16.47,16.33,16.355,22
"2017-06-22 00:00:00",16.44,16.44,16.44,16.49,4
"2017-06-23 00:00:00",16.65,16.65,16.65,16.628,1
"2017-06-25 00:00:00",16.685,16.72,16.655,16.68,0
"2017-06-26 00:00:00",16.425,16.555,16.425,16.56,4
"2017-06-27 00:00:00",16.576,16.576,16.576,16.576,51953
"2017-06-28 00:00:00",16.745,16.745,16.685,16.715,8
"2017-06-29 00:00:00",16.77,16.86,16.555,16.586,17565
"2017-06-30 00:00:00",16.59,16.63,16.44,16.568,1336
"2017-07-02 00:00:00",16.601,16.613,16.583,16.593,0
"2017-07-03 00:00:00",16.58,16.58,16.03,16.037,425
"2017-07-04 00:00:00",16.152,16.169,16.013,16.126,0
"2017-07-05 00:00:00",16.1,16.1,15.835,15.842,615
"2017-07-06 00:00:00",15.995,16,15.885,15.927,185
"2017-07-07 00:00:00",15.96,15.965,15.3,15.371,301
"2017-07-09 00:00:00",15.597,15.604,15.538,15.589,0
"2017-07-10 00:00:00",15.54,15.615,15.15,15.577,286
"2017-07-11 00:00:00",15.575,15.76,15.4,15.697,163
"2017-07-12 00:00:00",15.77,15.875,15.76,15.839,61
"2017-07-13 00:00:00",15.89,15.89,15.64,15.642,20
"2017-07-14 00:00:00",15.635,15.965,15.585,15.884,62
"2017-07-16 00:00:00",15.966,16.024,15.947,16.022,0
"2017-07-17 00:00:00",16.1,16.11,16.04,16.05,55
"2017-07-18 00:00:00",16.025,16.255,16.025,16.222,97
"2017-07-19 00:00:00",16.14,16.25,16.13,16.251,47
"2017-07-20 00:00:00",16.18,16.325,16.135,16.299,72
"2017-07-21 00:00:00",16.25,16.44,16.25,16.41,69
"2017-07-23 00:00:00",16.5,16.506,16.448,16.504,0
"2017-07-24 00:00:00",16.415,16.465,16.355,16.398,124
"2017-07-25 00:00:00",16.41,16.41,16.265,16.497,33
"2017-07-26 00:00:00",16.4,16.61,16.365,16.415,100
"2017-07-27 00:00:00",16.625,16.65,16.625,16.529,5
"2017-07-28 00:00:00",16.495,16.69,16.49,16.664,78
"2017-07-30 00:00:00",16.757,16.787,16.752,16.773,0
"2017-07-31 00:00:00",16.735,16.825,16.73,16.75,276
"2017-08-01 00:00:00",16.635,16.785,16.635,16.728,38
"2017-08-02 00:00:00",16.697,16.697,16.697,16.697,6
"2017-08-03 00:00:00",16.594,16.594,16.594,16.594,57971
"2017-08-04 00:00:00",16.265,16.265,16.205,16.222,2
"2017-08-06 00:00:00",16.267,16.267,16.225,16.225,0
"2017-08-07 00:00:00",16.2,16.235,16.09,16.221,4
"2017-08-08 00:00:00",16.365,16.42,16.34,16.36,35
"2017-08-09 00:00:00",16.505,16.85,16.475,16.834,85
"2017-08-10 00:00:00",16.945,17.21,16.945,17.036,169
"2017-08-11 00:00:00",17.095,17.105,17.02,17.041,49
"2017-08-13 00:00:00",17.104,17.11,17.064,17.076,0
"2017-08-14 00:00:00",17.055,17.115,16.99,17.093,56
"2017-08-15 00:00:00",16.69,16.69,16.69,16.69,15
"2017-08-16 00:00:00",16.695,17.065,16.695,16.917,28
"2017-08-17 00:00:00",17.13,17.13,16.99,17.03,57
"2017-08-18 00:00:00",16.98,16.98,16.98,16.98,25
"2017-08-20 00:00:00",16.939,16.944,16.829,16.896,0
"2017-08-21 00:00:00",16.995,16.995,16.995,16.995,16
"2017-08-22 00:00:00",16.962,16.962,16.962,16.962,15
"2017-08-23 00:00:00",17.032,17.032,17.032,17.032,37
"2017-08-24 00:00:00",17.055,17.06,17.055,16.952,50
"2017-08-25 00:00:00",17.038,17.038,17.038,17.038,71
"2017-08-27 00:00:00",17.069,17.216,17.04,17.042,0
"2017-08-28 00:00:00",17.431,17.431,17.431,17.431,99635
"2017-08-29 00:00:00",17.422,17.422,17.422,17.422,1
"2017-08-30 00:00:00",17.39,17.46,17.285,17.404,21198
"2017-08-31 00:00:00",17.42,17.6,17.255,17.48,1473
"2017-09-01 00:00:00",17.565,17.72,17.445,17.719,535
"2017-09-03 00:00:00",17.895,17.957,17.873,17.934,0
"2017-09-04 00:00:00",17.929,18.025,17.865,17.914,0
"2017-09-05 00:00:00",17.78,17.98,17.775,17.845,953
"2017-09-06 00:00:00",17.915,17.97,17.8,17.816,309
"2017-09-07 00:00:00",17.84,18.105,17.795,18.016,807
"2017-09-08 00:00:00",18.09,18.16,17.915,18.027,364
"2017-09-10 00:00:00",17.859,17.953,17.828,17.93,0
"2017-09-11 00:00:00",17.89,17.89,17.695,17.807,397
"2017-09-12 00:00:00",17.78,17.87,17.705,17.795,355
"2017-09-13 00:00:00",17.86,17.91,17.635,17.772,428
"2017-09-14 00:00:00",17.65,17.76,17.58,17.698,275
"2017-09-15 00:00:00",17.76,17.8,17.55,17.611,244
"2017-09-17 00:00:00",17.663,17.663,17.59,17.602,0
"2017-09-18 00:00:00",17.49,17.52,17.03,17.071,208
"2017-09-19 00:00:00",17.135,17.24,17.115,17.195,163
"2017-09-20 00:00:00",17.255,17.34,17.01,17.251,87
"2017-09-21 00:00:00",16.895,16.92,16.8,16.937,212
"2017-09-22 00:00:00",16.985,16.985,16.905,16.903,90
"2017-09-24 00:00:00",17.033,17.033,16.931,16.957,0
"2017-09-25 00:00:00",16.85,17.09,16.81,17.059,172
"2017-09-26 00:00:00",16.875,16.89,16.775,16.804,108
"2017-09-27 00:00:00",16.7,16.815,16.695,16.748,43
"2017-09-28 00:00:00",16.75,16.83,16.655,16.773,177
"2017-09-29 00:00:00",16.81,16.81,16.715,16.607,23
"2017-10-01 00:00:00",16.66,16.67,16.621,16.644,0
"2017-10-02 00:00:00",16.595,16.635,16.525,16.585,19
"2017-10-03 00:00:00",16.53,16.585,16.53,16.581,38
"2017-10-04 00:00:00",16.645,16.82,16.515,16.563,54
"2017-10-05 00:00:00",16.65,16.71,16.62,16.582,19
"2017-10-06 00:00:00",16.59,16.71,16.43,16.734,24
"2017-10-08 00:00:00",16.817,16.862,16.812,16.835,0
"2017-10-09 00:00:00",16.865,16.93,16.865,16.916,4
"2017-10-10 00:00:00",16.935,17.165,16.925,17.155,33
"2017-10-11 00:00:00",17.145,17.2,17.065,17.081,49
"2017-10-12 00:00:00",17.205,17.22,17.205,17.211,43
"2017-10-13 00:00:00",17.215,17.38,17.215,17.355,70
"2017-10-15 00:00:00",17.421,17.449,17.403,17.447,0
"2017-10-16 00:00:00",17.42,17.43,17.28,17.315,25
"2017-10-17 00:00:00",17,17.01,17,16.987,55
"2017-10-18 00:00:00",16.943,16.943,16.943,16.943,5
"2017-10-19 00:00:00",16.99,17.22,16.99,17.201,7
"2017-10-20 00:00:00",17.17,17.17,16.99,17.022,16
"2017-10-22 00:00:00",17.044,17.044,16.979,16.996,0
"2017-10-23 00:00:00",16.92,16.92,16.87,17.024,16
"2017-10-24 00:00:00",16.89,16.945,16.89,16.907,57
"2017-10-25 00:00:00",16.868,16.868,16.868,16.868,28
"2017-10-26 00:00:00",16.764,16.764,16.764,16.764,64
"2017-10-27 00:00:00",16.702,16.702,16.702,16.702,3
"2017-10-29 00:00:00",16.861,16.861,16.817,16.838,0
"2017-10-30 00:00:00",16.715,16.845,16.715,16.802,123
"2017-10-31 00:00:00",16.795,16.795,16.65,16.645,297
"2017-11-01 00:00:00",16.99,17.06,16.99,17.132,29
"2017-11-02 00:00:00",17.065,17.065,17.06,17.094,18
"2017-11-03 00:00:00",17.105,17.105,16.79,16.794,10
"2017-11-05 00:00:00",16.851,16.869,16.816,16.861,0
"2017-11-06 00:00:00",17.205,17.225,17.205,17.195,10
"2017-11-07 00:00:00",16.925,16.925,16.925,16.905,1
"2017-11-08 00:00:00",17.106,17.106,17.106,17.106,5
"2017-11-09 00:00:00",16.93,16.93,16.93,16.943,2
"2017-11-10 00:00:00",17,17,17,16.844,1
"2017-11-12 00:00:00",16.872,16.911,16.864,16.902,0
"2017-11-13 00:00:00",16.84,17.01,16.84,17.023,3
"2017-11-14 00:00:00",16.905,16.905,16.905,17.052,1
"2017-11-15 00:00:00",16.94,16.94,16.94,16.95,1
"2017-11-16 00:00:00",16.95,16.97,16.95,17.056,9
"2017-11-17 00:00:00",17.125,17.305,17.125,17.358,3
"2017-11-19 00:00:00",17.289,17.302,17.249,17.266,0
"2017-11-20 00:00:00",16.827,16.827,16.827,16.827,0
"2017-11-21 00:00:00",16.93,16.93,16.93,16.949,1
"2017-11-22 00:00:00",17.101,17.101,17.101,17.101,0
"2017-11-23 00:00:00",17.096,17.157,17.067,17.096,0
"2017-11-24 00:00:00",16.99,16.99,16.99,16.981,1
"2017-11-26 00:00:00",17.025,17.025,16.998,17.009,0
"2017-11-27 00:00:00",17.02,17.02,17.02,17.009,2
"2017-11-28 00:00:00",17.02,17.025,17.02,16.811,2
"2017-11-29 00:00:00",16.81,16.865,16.45,16.457,22561
"2017-11-30 00:00:00",16.48,16.52,16.285,16.382,1585
"2017-12-01 00:00:00",16.385,16.485,16.2,16.297,523
"2017-12-03 00:00:00",16.35,16.435,16.34,16.41,0
"2017-12-04 00:00:00",16.31,16.34,16.19,16.284,893
"2017-12-05 00:00:00",16.25,16.28,15.98,15.973,75
"2017-12-06 00:00:00",16.04,16.05,15.87,15.868,207
"2017-12-07 00:00:00",15.88,15.885,15.6,15.715,174
"2017-12-08 00:00:00",15.675,15.765,15.655,15.736,75
"2017-12-10 00:00:00",15.85,15.88,15.85,15.865,0
"2017-12-11 00:00:00",15.775,15.8,15.625,15.697,77
"2017-12-12 00:00:00",15.665,15.7,15.555,15.582,197
"2017-12-13 00:00:00",15.64,15.995,15.62,15.784,190
"2017-12-14 00:00:00",16,16,15.8,15.85,31
"2017-12-15 00:00:00",16.01,16.01,15.955,15.978,373
"2017-12-17 00:00:00",16.075,16.09,16.06,16.07,0
"2017-12-18 00:00:00",15.98,16.075,15.98,16.12,46
"2017-12-19 00:00:00",16.16,16.16,16.08,16.066,16
"2017-12-20 00:00:00",16.095,16.175,16.095,16.188,16
"2017-12-21 00:00:00",16.095,16.12,16.095,16.152,46
"2017-12-22 00:00:00",16.14,16.32,16.14,16.357,194
"2017-12-25 00:00:00",16.435,16.435,16.365,16.39,0
"2017-12-26 00:00:00",16.48,16.48,16.48,16.52,64
"2017-12-27 00:00:00",16.595,16.625,16.58,16.619,88
"2017-12-28 00:00:00",16.65,16.82,16.65,16.832,207
"2017-12-29 00:00:00",16.92,17.045,16.92,17.06,17
"2018-01-01 00:00:00",17.025,17.085,17.02,17.07,0
"2018-01-02 00:00:00",17.155,17.16,17.125,17.121,34
"2018-01-03 00:00:00",17.08,17.16,17.08,17.185,4
"2018-01-04 00:00:00",17.085,17.23,17.085,17.189,34
"2018-01-05 00:00:00",17.205,17.205,17.205,17.205,2
"2018-01-07 00:00:00",17.28,17.285,17.27,17.27,0
"2018-01-08 00:00:00",17.064,17.064,17.064,17.064,0
"2018-01-09 00:00:00",16.945,16.945,16.945,16.936,9
"2018-01-10 00:00:00",17.555,17.555,17.555,17.603,1
"2018-01-11 00:00:00",16.955,16.965,16.905,16.894,35
"2018-01-12 00:00:00",16.925,17.12,16.92,17.069,52
"2018-01-14 00:00:00",17.24,17.27,17.225,17.245,0
"2018-01-15 00:00:00",17.24,17.445,17.225,17.38,0
"2018-01-16 00:00:00",17.305,17.325,17.305,17.122,4
"2018-01-17 00:00:00",17.095,17.12,16.97,17.105,88
"2018-01-18 00:00:00",17,17.01,16.96,16.893,6
"2018-01-19 00:00:00",16.935,16.99,16.935,16.975,35
"2018-01-21 00:00:00",17.06,17.1,17.04,17.08,0
"2018-01-22 00:00:00",16.985,16.985,16.985,16.931,3
"2018-01-23 00:00:00",17.48,17.48,17.48,17.532,1
"2018-01-24 00:00:00",17.425,17.425,17.425,17.425,3
"2018-01-25 00:00:00",18.3,18.3,18.3,18.244,31
"2018-01-26 00:00:00",17.382,17.382,17.382,17.382,1
"2018-01-28 00:00:00",17.42,17.44,17.365,17.41,0
"2018-01-29 00:00:00",17.068,17.068,17.068,17.068,22
"2018-01-30 00:00:00",17.055,17.185,17.025,17.013,22
"2018-01-31 00:00:00",17.175,17.21,17.175,17.204,22
"2018-02-01 00:00:00",17.118,17.118,17.118,17.118,0
"2018-02-02 00:00:00",16.676,16.676,16.676,16.676,3
"2018-02-04 00:00:00",16.555,16.625,16.515,16.595,0
"2018-02-05 00:00:00",16.639,16.639,16.639,16.639,12
"2018-02-06 00:00:00",16.705,16.705,16.54,16.548,206
"2018-02-07 00:00:00",16.63,16.63,16.63,16.206,4
"2018-02-08 00:00:00",16.314,16.314,16.314,16.314,12
"2018-02-09 00:00:00",16.116,16.116,16.116,16.116,16
"2018-02-11 00:00:00",16.295,16.325,16.28,16.32,0
"2018-02-12 00:00:00",16.375,16.375,16.345,16.548,2
"2018-02-13 00:00:00",16.507,16.507,16.507,16.507,3
"2018-02-14 00:00:00",16.858,16.858,16.858,16.858,201
"2018-02-15 00:00:00",16.777,16.777,16.777,16.777,23
"2018-02-16 00:00:00",16.695,16.695,16.695,16.695,1
"2018-02-18 00:00:00",16.6,16.645,16.595,16.605,0
"2018-02-19 00:00:00",16.6,16.69,16.57,16.61,0
"2018-02-20 00:00:00",16.425,16.425,16.425,16.425,25
"2018-02-21 00:00:00",16.604,16.604,16.604,16.604,0
"2018-02-22 00:00:00",16.57,16.57,16.57,16.579,21
"2018-02-23 00:00:00",16.55,16.555,16.55,16.476,20
"2018-02-25 00:00:00",16.455,16.48,16.445,16.45,0
"2018-02-26 00:00:00",16.542,16.542,16.542,16.542,0
"2018-02-27 00:00:00",16.61,16.65,16.26,16.346,23900
"2018-02-28 00:00:00",16.335,16.43,16.3,16.324,1018
"2018-03-01 00:00:00",16.35,16.465,16.09,16.2,564
"2018-03-02 00:00:00",16.39,16.495,16.36,16.392,83
"2018-03-04 00:00:00",16.54,16.56,16.505,16.535,0
"2018-03-05 00:00:00",17.155,17.165,17.08,16.979,30
"2018-03-06 00:00:00",16.37,16.81,16.37,16.715,344
"2018-03-07 00:00:00",16.64,16.64,16.4,16.428,34
"2018-03-08 00:00:00",16.44,16.465,16.375,16.436,70
"2018-03-09 00:00:00",17.23,17.23,17.23,17.187,2
"2018-03-11 00:00:00",16.59,16.635,16.59,16.62,0
"2018-03-12 00:00:00",16.565,16.565,16.39,16.471,48
"2018-03-13 00:00:00",17.115,17.115,17.115,17.206,5
"2018-03-14 00:00:00",17.11,17.11,17.11,17.112,31
"2018-03-15 00:00:00",17.01,17.01,17.01,16.991,1
"2018-03-16 00:00:00",16.84,16.84,16.84,16.843,1
"2018-03-18 00:00:00",16.315,16.335,16.28,16.3,0
"2018-03-19 00:00:00",16.165,16.26,16.165,16.255,137
"2018-03-20 00:00:00",16.73,16.765,16.73,16.764,44
"2018-03-21 00:00:00",16.385,16.53,16.385,16.357,76
"2018-03-22 00:00:00",16.49,16.505,16.49,16.328,2
"2018-03-23 00:00:00",17.16,17.21,17.155,17.169,12
"2018-03-25 00:00:00",16.56,16.655,16.56,16.615,0
"2018-03-26 00:00:00",17.15,17.15,17.15,17.274,1
"2018-03-27 00:00:00",16.505,16.505,16.505,16.489,1
"2018-03-28 00:00:00",16.45,16.45,16.195,16.205,79
"2018-03-29 00:00:00",16.25,16.25,16.21,16.223,39
"2018-04-01 00:00:00",16.335,16.395,16.325,16.375,0
"2018-04-02 00:00:00",16.94,17.01,16.94,17.245,11
"2018-04-03 00:00:00",16.347,16.347,16.347,16.347,0
"2018-04-04 00:00:00",16.93,16.93,16.88,16.811,5
"2018-04-05 00:00:00",16.2,16.305,16.19,16.32,12
"2018-04-06 00:00:00",16.88,16.88,16.88,16.91,9
"2018-04-08 00:00:00",16.39,16.405,16.375,16.385,0
"2018-04-09 00:00:00",17.065,17.065,17.065,17.061,30
"2018-04-10 00:00:00",16.41,16.565,16.41,16.566,6
"2018-04-11 00:00:00",16.738,16.738,16.738,16.738,0
"2018-04-12 00:00:00",16.615,16.615,16.6,16.443,3
"2018-04-13 00:00:00",16.628,16.628,16.628,16.628,0
"2018-04-15 00:00:00",16.66,16.67,16.565,16.625,0
"2018-04-16 00:00:00",16.662,16.662,16.662,16.662,120
"2018-04-17 00:00:00",16.772,16.772,16.772,16.772,0
"2018-04-18 00:00:00",17.705,17.705,17.705,17.761,4
"2018-04-19 00:00:00",17.17,17.17,17.17,17.222,1
"2018-04-20 00:00:00",17.73,17.73,17.73,17.666,4
"2018-04-22 00:00:00",17.115,17.135,17.07,17.085,0
"2018-04-23 00:00:00",17.43,17.43,17.155,17.117,3
"2018-04-24 00:00:00",17.21,17.21,17.21,17.244,4
"2018-04-25 00:00:00",17.02,17.02,17.02,17.045,1
"2018-04-26 00:00:00",16.96,16.96,16.96,17.036,1
"2018-04-27 00:00:00",16.95,16.95,16.95,16.957,1
"2018-04-29 00:00:00",16.475,16.475,16.455,16.455,0
"2018-04-30 00:00:00",16.475,16.485,16.14,16.312,1573
"2018-05-01 00:00:00",16.28,16.285,16,16.039,1407
"2018-05-02 00:00:00",16.76,16.76,16.76,16.826,4
"2018-05-03 00:00:00",16.37,16.53,16.34,16.362,642
"2018-05-04 00:00:00",16.935,16.935,16.935,16.975,3
"2018-05-06 00:00:00",16.56,16.565,16.535,16.535,0
"2018-05-07 00:00:00",16.955,16.955,16.955,16.953,1
"2018-05-08 00:00:00",16.975,16.975,16.945,16.939,2
"2018-05-09 00:00:00",16.515,16.515,16.455,16.458,152
"2018-05-10 00:00:00",16.46,16.685,16.455,16.68,36
"2018-05-11 00:00:00",16.725,16.725,16.725,16.676,76
"2018-05-13 00:00:00",16.7,16.73,16.685,16.725,0
"2018-05-14 00:00:00",16.65,16.65,16.55,16.57,67
"2018-05-15 00:00:00",16.72,16.72,16.72,16.724,1
"2018-05-16 00:00:00",16.297,16.297,16.297,16.297,48
"2018-05-17 00:00:00",16.83,16.83,16.83,16.935,5
"2018-05-18 00:00:00",16.38,16.405,16.38,16.387,33
"2018-05-20 00:00:00",16.465,16.47,16.425,16.455,0
"2018-05-21 00:00:00",16.45,16.46,16.45,16.452,15
"2018-05-22 00:00:00",16.54,16.54,16.54,16.508,72
"2018-05-23 00:00:00",16.295,16.295,16.285,16.338,31
"2018-05-24 00:00:00",17.27,17.27,17.23,17.315,12
"2018-05-25 00:00:00",16.55,16.55,16.535,16.481,64
"2018-05-27 00:00:00",16.53,16.53,16.49,16.51,0
"2018-05-28 00:00:00",16.51,16.525,16.44,16.495,0
"2018-05-29 00:00:00",16.4,16.4,16.4,16.305,131
"2018-05-30 00:00:00",16.34,16.505,16.26,16.479,398
"2018-05-31 00:00:00",16.5,16.5,16.5,16.402,65
"2018-06-01 00:00:00",16.88,16.88,16.88,16.891,144
"2018-06-03 00:00:00",16.43,16.43,16.405,16.41,0
"2018-06-04 00:00:00",16.379,16.379,16.379,16.379,40
"2018-06-05 00:00:00",16.355,16.495,16.355,16.491,18
"2018-06-06 00:00:00",16.465,16.465,16.455,16.642,94
"2018-06-07 00:00:00",17.315,17.315,17.315,17.421,1
"2018-06-08 00:00:00",16.735,16.76,16.735,16.694,16
"2018-06-10 00:00:00",16.82,16.825,16.77,16.785,0
"2018-06-11 00:00:00",16.87,16.91,16.87,16.905,18
"2018-06-12 00:00:00",16.849,16.849,16.849,16.849,0
"2018-06-13 00:00:00",17.48,17.48,17.48,17.416,5
"2018-06-14 00:00:00",17.12,17.285,17.115,17.226,101
"2018-06-15 00:00:00",17.18,17.22,16.625,16.452,23
"2018-06-17 00:00:00",16.545,16.59,16.54,16.585,0
"2018-06-18 00:00:00",16.88,16.88,16.88,16.845,3
"2018-06-19 00:00:00",16.73,16.735,16.73,16.724,4
"2018-06-20 00:00:00",16.289,16.289,16.289,16.289,0
"2018-06-21 00:00:00",16.306,16.306,16.306,16.306,0
"2018-06-22 00:00:00",16.8,16.8,16.8,16.867,13
"2018-06-24 00:00:00",16.455,16.485,16.435,16.475,0
"2018-06-25 00:00:00",16.815,16.815,16.72,16.733,13
"2018-06-26 00:00:00",16.685,16.685,16.685,16.652,5
"2018-06-27 00:00:00",16.55,16.555,16.44,16.557,24
"2018-06-28 00:00:00",16.46,16.46,16.33,16.361,3
"2018-06-29 00:00:00",15.965,16.115,15.91,16.104,2765
"2018-07-01 00:00:00",16.145,16.18,16.135,16.16,0
"2018-07-02 00:00:00",16.22,16.225,16.135,16.144,69
"2018-07-03 00:00:00",16.35,16.35,16.345,16.352,61
"2018-07-04 00:00:00",16.08,16.195,16.04,16.13,0
"2018-07-05 00:00:00",16.075,16.105,15.895,16.008,207
"2018-07-06 00:00:00",16.385,16.385,16.38,16.384,72
"2018-07-08 00:00:00",16.07,16.1,16.07,16.1,0
"2018-07-09 00:00:00",16.455,16.465,16.45,16.461,402
"2018-07-10 00:00:00",16.595,16.595,16.595,16.587,1
"2018-07-11 00:00:00",16.29,16.29,16.16,16.138,358
"2018-07-12 00:00:00",16.155,16.31,16.155,16.304,399
"2018-07-13 00:00:00",16.115,16.115,16.115,16.14,257
"2018-07-15 00:00:00",15.805,15.855,15.805,15.835,0
"2018-07-16 00:00:00",16.15,16.15,16.135,16.135,75
"2018-07-17 00:00:00",16.065,16.065,15.935,15.931,222
"2018-07-18 00:00:00",15.735,15.735,15.735,15.881,44
"2018-07-19 00:00:00",15.7,15.7,15.585,15.703,75
"2018-07-20 00:00:00",15.84,15.84,15.84,15.844,6
"2018-07-22 00:00:00",15.555,15.555,15.515,15.545,0
"2018-07-23 00:00:00",15.69,15.69,15.69,15.717,48
"2018-07-24 00:00:00",16.095,16.105,16,15.978,12
"2018-07-25 00:00:00",16.06,16.06,16.055,16.043,81
"2018-07-26 00:00:00",15.85,15.85,15.7,15.779,62
"2018-07-27 00:00:00",15.665,15.775,15.655,15.775,19
"2018-07-29 00:00:00",15.5,15.53,15.49,15.51,0
"2018-07-30 00:00:00",15.805,15.83,15.805,15.819,11
"2018-07-31 00:00:00",15.87,15.885,15.87,16.014,2
"2018-08-01 00:00:00",15.865,15.865,15.865,15.911,1
"2018-08-02 00:00:00",15.875,15.875,15.875,15.828,16
"2018-08-03 00:00:00",15.56,15.765,15.56,15.742,113
"2018-08-05 00:00:00",15.425,15.455,15.425,15.455,0
"2018-08-06 00:00:00",15.635,15.635,15.585,15.624,54
"2018-08-07 00:00:00",15.775,15.775,15.65,15.655,130
"2018-08-08 00:00:00",15.645,15.725,15.64,15.717,148
"2018-08-09 00:00:00",15.795,15.8,15.74,15.753,187
"2018-08-10 00:00:00",15.695,15.71,15.58,15.585,154
"2018-08-12 00:00:00",15.31,15.345,15.31,15.325,0
"2018-08-13 00:00:00",15.49,15.53,15.27,15.268,189
"2018-08-14 00:00:00",15.33,15.355,15.32,15.34,68
"2018-08-15 00:00:00",15.255,15.255,14.705,14.731,63
"2018-08-16 00:00:00",14.885,15.035,14.885,14.988,15
"2018-08-17 00:00:00",14.89,14.91,14.89,14.903,108
"2018-08-19 00:00:00",14.75,14.775,14.74,14.765,0
"2018-08-20 00:00:00",14.985,15,14.935,14.937,185
"2018-08-21 00:00:00",15.03,15.03,15.03,15.035,53
"2018-08-22 00:00:00",15.01,15.035,15,15.029,140
"2018-08-23 00:00:00",14.85,14.85,14.825,14.818,52
"2018-08-24 00:00:00",14.835,15.105,14.835,15.079,449
"2018-08-26 00:00:00",14.835,14.84,14.8,14.83,0
"2018-08-27 00:00:00",15.06,15.15,15.055,15.152,133
"2018-08-28 00:00:00",15.4,15.4,15.37,15.243,10
"2018-08-29 00:00:00",15,15,14.91,14.996,84
"2018-08-30 00:00:00",14.9,14.9,14.77,14.78,51
"2018-08-31 00:00:00",14.775,14.83,14.735,14.742,186
"2018-09-02 00:00:00",14.565,14.575,14.55,14.56,0
"2018-09-03 00:00:00",14.56,14.59,14.43,14.52,0
"2018-09-04 00:00:00",14.8,14.8,14.8,14.506,7
"2018-09-05 00:00:00",14.545,14.545,14.545,14.545,4
"2018-09-06 00:00:00",14.51,14.51,14.48,14.5,7
"2018-09-07 00:00:00",14.365,14.46,14.31,14.345,797
"2018-09-09 00:00:00",14.17,14.205,14.17,14.195,0
"2018-09-10 00:00:00",14.4,14.4,14.36,14.36,813
"2018-09-11 00:00:00",14.335,14.475,14.325,14.486,4
"2018-09-12 00:00:00",14.31,14.47,14.31,14.478,1360
"2018-09-13 00:00:00",14.525,14.525,14.435,14.431,436
"2018-09-14 00:00:00",14.49,14.49,14.325,14.327,487
"2018-09-16 00:00:00",14.095,14.1,14.07,14.08,0
"2018-09-17 00:00:00",14.37,14.42,14.37,14.411,248
"2018-09-18 00:00:00",14.44,14.44,14.34,14.371,479
"2018-09-19 00:00:00",14.37,14.495,14.365,14.459,105
"2018-09-20 00:00:00",14.51,14.545,14.475,14.484,231
"2018-09-21 00:00:00",14.75,14.75,14.75,14.69,2
"2018-09-23 00:00:00",14.325,14.33,14.295,14.3,0
"2018-09-24 00:00:00",14.615,14.635,14.6,14.671,8
"2018-09-25 00:00:00",14.535,14.71,14.535,14.677,505
"2018-09-26 00:00:00",14.76,14.76,14.76,14.738,2
"2018-09-27 00:00:00",14.59,14.59,14.59,14.626,7
"2018-09-28 00:00:00",14.5,14.91,14.475,14.898,382
"2018-09-30 00:00:00",14.69,14.72,14.685,14.685,0
"2018-10-01 00:00:00",14.815,14.815,14.585,14.694,689
"2018-10-02 00:00:00",15.27,15.27,15.09,15.041,65
"2018-10-03 00:00:00",15.07,15.07,15.07,15.022,3
"2018-10-04 00:00:00",14.86,14.96,14.77,14.784,1245
"2018-10-05 00:00:00",15.01,15.01,15.01,15.018,137
"2018-10-07 00:00:00",14.665,14.695,14.665,14.68,0
"2018-10-08 00:00:00",14.835,14.835,14.835,14.691,20
"2018-10-09 00:00:00",14.715,14.775,14.715,14.766,34
"2018-10-10 00:00:00",14.765,14.765,14.735,14.692,23
"2018-10-11 00:00:00",14.775,14.87,14.775,14.977,202
"2018-10-12 00:00:00",14.975,14.975,14.975,14.996,14
"2018-10-14 00:00:00",14.62,14.675,14.62,14.66,0
"2018-10-15 00:00:00",14.86,14.985,14.845,14.928,389
"2018-10-16 00:00:00",15.08,15.08,15.04,15.062,3
"2018-10-17 00:00:00",14.89,14.935,14.835,14.862,225
"2018-10-18 00:00:00",14.805,14.845,14.72,14.8,496
"2018-10-19 00:00:00",14.805,14.93,14.805,14.845,353
"2018-10-21 00:00:00",14.68,14.68,14.655,14.665,0
"2018-10-22 00:00:00",14.885,14.885,14.775,14.783,89
"2018-10-23 00:00:00",14.87,15.03,14.87,14.996,398
"2018-10-24 00:00:00",14.97,14.97,14.885,14.876,299
"2018-10-25 00:00:00",14.955,14.97,14.825,14.831,419
"2018-10-26 00:00:00",15.05,15.05,15.05,15.067,5
"2018-10-28 00:00:00",14.72,14.74,14.71,14.71,0
"2018-10-29 00:00:00",14.895,14.97,14.62,14.644,326
"2018-10-30 00:00:00",14.795,14.795,14.795,14.829,16
"2018-10-31 00:00:00",14.86,14.86,14.645,14.651,7
"2018-11-01 00:00:00",14.475,14.99,14.475,14.981,594
"2018-11-02 00:00:00",14.87,15.095,14.87,14.964,939
"2018-11-04 00:00:00",14.745,14.77,14.745,14.765,0
"2018-11-05 00:00:00",14.96,14.96,14.835,14.858,625
"2018-11-06 00:00:00",14.85,14.895,14.705,14.71,634
"2018-11-07 00:00:00",15.05,15.05,15.05,14.958,56
"2018-11-08 00:00:00",14.915,14.92,14.91,14.815,91
"2018-11-09 00:00:00",14.67,14.675,14.495,14.535,17
"2018-11-11 00:00:00",14.13,14.16,14.13,14.16,0
"2018-11-12 00:00:00",14.485,14.485,14.485,14.41,129
"2018-11-13 00:00:00",14.41,14.42,14.41,14.377,8
"2018-11-14 00:00:00",14.395,14.395,14.36,14.48,49
"2018-11-15 00:00:00",14.64,14.715,14.64,14.663,152
"2018-11-16 00:00:00",14.67,14.78,14.67,14.783,33
"2018-11-18 00:00:00",14.4,14.4,14.375,14.39,0
"2018-11-19 00:00:00",14.755,14.755,14.755,14.801,45
"2018-11-20 00:00:00",14.795,14.795,14.795,14.66,62
"2018-11-21 00:00:00",14.8,14.9,14.8,14.901,27
"2018-11-22 00:00:00",14.475,14.52,14.435,14.47,0
"2018-11-23 00:00:00",14.66,14.66,14.66,14.644,212
"2018-11-25 00:00:00",14.405,14.425,14.39,14.4,0
"2018-11-26 00:00:00",14.64,14.65,14.62,14.622,225
"2018-11-27 00:00:00",14.61,14.62,14.485,14.493,28
"2018-11-28 00:00:00",14.555,14.555,14.555,14.726,241
"2018-11-29 00:00:00",14.665,14.735,14.635,14.672,184
"2018-11-30 00:00:00",14.6,14.6,14.39,14.488,344
"2018-12-02 00:00:00",14.305,14.355,14.29,14.31,0
"2018-12-03 00:00:00",14.73,14.88,14.73,14.773,230
"2018-12-04 00:00:00",14.88,14.88,14.87,14.911,146
"2018-12-05 00:00:00",14.67,14.7,14.58,14.673,584
"2018-12-06 00:00:00",14.805,14.805,14.695,14.777,156
"2018-12-07 00:00:00",14.94,14.965,14.905,14.96,705
"2018-12-09 00:00:00",14.735,14.735,14.697,14.697,0
"2018-12-10 00:00:00",14.88,14.94,14.845,14.87,460
"2018-12-11 00:00:00",15.025,15.07,14.875,14.89,632
"2018-12-12 00:00:00",14.985,15.125,14.985,15.111,1352
"2018-12-13 00:00:00",15.055,15.12,15.05,15.112,496
"2018-12-14 00:00:00",14.94,14.945,14.935,14.891,170
"2018-12-16 00:00:00",14.623,14.648,14.62,14.637,0
"2018-12-17 00:00:00",14.92,15.01,14.915,15.015,53
"2018-12-18 00:00:00",14.95,15,14.95,14.959,129
"2018-12-19 00:00:00",15,15.13,14.915,15.077,162
"2018-12-20 00:00:00",15.045,15.045,15.045,15.129,62
"2018-12-21 00:00:00",14.955,14.955,14.955,14.962,41
"2018-12-23 00:00:00",14.732,14.738,14.715,14.723,0
"2018-12-24 00:00:00",15.035,15.035,15.035,15.076,33
"2018-12-25 00:00:00",14.835,14.875,14.812,14.812,0
"2018-12-26 00:00:00",15.435,15.49,15.405,15.385,86
"2018-12-27 00:00:00",15.455,15.545,15.395,15.569,189
"2018-12-28 00:00:00",15.63,15.69,15.63,15.693,215
"2018-12-30 00:00:00",15.457,15.457,15.42,15.438,0
"2018-12-31 00:00:00",15.71,15.825,15.7,15.797,187
"2019-01-01 00:00:00",15.56,15.56,15.515,15.523,0
"2019-01-02 00:00:00",15.715,15.925,15.71,15.907,616
"2019-01-03 00:00:00",15.89,16.06,15.89,16.061,167
"2019-01-04 00:00:00",16.14,16.14,16,16.052,526
"2019-01-06 00:00:00",15.77,15.805,15.752,15.755,0
"2019-01-07 00:00:00",16.115,16.13,16.085,16.021,137
"2019-01-08 00:00:00",15.925,16,15.915,15.988,488
"2019-01-09 00:00:00",16.015,16.02,15.99,16.009,415
"2019-01-10 00:00:00",15.965,15.975,15.905,15.918,653
"2019-01-11 00:00:00",15.955,16.035,15.93,15.931,570
"2019-01-13 00:00:00",15.635,15.652,15.633,15.637,0
"2019-01-14 00:00:00",15.9,15.97,15.9,15.962,234
"2019-01-15 00:00:00",15.89,15.975,15.865,15.892,463
"2019-01-16 00:00:00",15.82,15.915,15.82,15.911,124
"2019-01-17 00:00:00",15.89,15.89,15.785,15.809,71
"2019-01-18 00:00:00",15.665,15.72,15.66,15.67,119
"2019-01-20 00:00:00",15.36,15.395,15.357,15.363,0
"2019-01-21 00:00:00",15.363,15.383,15.207,15.283,0
"2019-01-22 00:00:00",15.49,15.62,15.49,15.592,143
"2019-01-23 00:00:00",15.69,15.69,15.57,15.647,74
"2019-01-24 00:00:00",15.635,15.635,15.56,15.567,180
"2019-01-25 00:00:00",15.63,15.965,15.63,15.969,347
"2019-01-27 00:00:00",15.758,15.765,15.732,15.732,0
"2019-01-28 00:00:00",15.925,16.035,15.925,16.037,90
"2019-01-29 00:00:00",16.02,16.13,16.02,16.117,215
"2019-01-30 00:00:00",16.135,16.235,16.135,16.204,1376
"2019-01-31 00:00:00",16.4,16.47,16.32,16.348,330
"2019-02-01 00:00:00",16.34,16.34,16.19,16.21,371
"2019-02-03 00:00:00",15.91,15.932,15.902,15.912,0
"2019-02-04 00:00:00",15.985,16.165,15.985,16.168,602
"2019-02-05 00:00:00",16.12,16.19,16.12,16.119,271
"2019-02-06 00:00:00",16.035,16.11,15.935,15.984,161
"2019-02-07 00:00:00",15.95,16.01,15.93,15.999,634
"2019-02-08 00:00:00",16.06,16.13,16.025,16.098,540
"2019-02-10 00:00:00",15.822,15.822,15.785,15.818,0
"2019-02-11 00:00:00",16.08,16.08,15.945,15.979,285
"2019-02-12 00:00:00",16.055,16.095,15.945,15.975,1457
"2019-02-13 00:00:00",15.98,16.05,15.875,15.933,767
"2019-02-14 00:00:00",15.86,15.895,15.73,15.809,360
"2019-02-15 00:00:00",15.955,16.045,15.845,16.027,217
"2019-02-17 00:00:00",15.752,15.76,15.742,15.748,0
"2019-02-18 00:00:00",15.752,15.828,15.738,15.787,0
"2019-02-19 00:00:00",16.055,16.255,16.03,16.255,904
"2019-02-20 00:00:00",16.225,16.47,16.225,16.464,748
"2019-02-21 00:00:00",16.315,16.315,16.07,16.091,343
"2019-02-22 00:00:00",16.08,16.215,16.075,16.197,335
"2019-02-24 00:00:00",15.88,15.893,15.867,15.883,0
"2019-02-25 00:00:00",16.225,16.225,16.1,16.118,543
"2019-02-26 00:00:00",16.125,16.175,16.03,16.116,423
"2019-02-27 00:00:00",16.09,16.105,15.955,15.959,656
"2019-02-28 00:00:00",15.96,16.04,15.815,15.826,412
"2019-03-01 00:00:00",15.75,15.78,15.365,15.444,571
"2019-03-03 00:00:00",15.3,15.3,15.117,15.16,0
"2019-03-04 00:00:00",15.475,15.475,15.28,15.293,449
"2019-03-05 00:00:00",15.275,15.345,15.265,15.292,657
"2019-03-06 00:00:00",15.325,15.355,15.25,15.272,321
"2019-03-07 00:00:00",15.235,15.315,15.18,15.226,1437
"2019-03-08 00:00:00",15.22,15.56,15.215,15.536,750
"2019-03-10 00:00:00",15.352,15.352,15.322,15.338,0
"2019-03-11 00:00:00",15.53,15.53,15.455,15.462,764
"2019-03-12 00:00:00",15.51,15.67,15.505,15.601,1191
"2019-03-13 00:00:00",15.66,15.73,15.63,15.644,833
"2019-03-14 00:00:00",15.575,15.575,15.345,15.357,1030
"2019-03-15 00:00:00",15.4,15.57,15.4,15.512,401
"2019-03-17 00:00:00",15.287,15.31,15.268,15.268,0
"2019-03-18 00:00:00",15.45,15.595,15.45,15.51,105
"2019-03-19 00:00:00",15.565,15.62,15.54,15.559,86
"2019-03-20 00:00:00",15.54,15.69,15.475,15.505,750
"2019-03-21 00:00:00",15.69,15.835,15.61,15.624,474
"2019-03-22 00:00:00",15.62,15.725,15.575,15.591,475
"2019-03-24 00:00:00",15.438,15.447,15.408,15.408,0
"2019-03-25 00:00:00",15.615,15.765,15.58,15.752,739
"2019-03-26 00:00:00",15.725,15.725,15.59,15.614,672
"2019-03-27 00:00:00",15.63,15.65,15.455,15.483,364
"2019-03-28 00:00:00",15.42,15.42,15.135,15.155,630
"2019-03-29 00:00:00",15.18,15.345,15.16,15.295,758
"2019-03-31 00:00:00",15.102,15.133,15.098,15.113,0
"2019-04-01 00:00:00",15.295,15.365,15.24,15.287,844
"2019-04-02 00:00:00",15.235,15.26,15.11,15.246,1566
"2019-04-03 00:00:00",15.31,15.325,15.19,15.287,1021
"2019-04-04 00:00:00",15.295,15.32,15.065,15.266,1654
"2019-04-05 00:00:00",15.3,15.36,15.23,15.27,1991
"2019-04-07 00:00:00",15.078,15.107,15.078,15.088,0
"2019-04-08 00:00:00",15.285,15.455,15.275,15.403,1648
"2019-04-09 00:00:00",15.4,15.485,15.375,15.398,2264
"2019-04-10 00:00:00",15.375,15.445,15.315,15.43,2175
"2019-04-11 00:00:00",15.385,15.385,15.03,15.05,2509
"2019-04-12 00:00:00",15.1,15.245,15.1,15.145,865
"2019-04-14 00:00:00",14.928,14.95,14.912,14.918,0
"2019-04-15 00:00:00",15.095,15.17,14.98,15.154,776
"2019-04-16 00:00:00",15.145,15.145,15.01,15.089,751
"2019-04-17 00:00:00",15.16,15.205,15.055,15.107,1652
"2019-04-18 00:00:00",15.09,15.145,15.08,15.127,807
"2019-04-19 00:00:00",14.965,14.965,14.965,14.965,0
"2019-04-21 00:00:00",14.955,14.988,14.955,14.982,0
"2019-04-22 00:00:00",15.155,15.18,15.13,15.147,535
"2019-04-23 00:00:00",15.15,15.16,14.88,14.955,3575
"2019-04-24 00:00:00",14.945,15.125,14.91,15.084,1580
"2019-04-25 00:00:00",15.045,15.13,14.985,15.047,2449
"2019-04-26 00:00:00",15.075,15.205,15.04,15.174,1156
"2019-04-28 00:00:00",15.035,15.035,15.012,15.012,0
"2019-04-29 00:00:00",15.195,15.195,14.995,15.019,583
"2019-04-30 00:00:00",15.02,15.11,14.92,15.069,1314
"2019-05-01 00:00:00",15.065,15.065,14.71,14.815,923
"2019-05-02 00:00:00",14.775,14.79,14.66,14.699,2197
"2019-05-03 00:00:00",14.72,15.07,14.69,15.062,1646
"2019-05-05 00:00:00",14.953,14.988,14.932,14.945,0
"2019-05-06 00:00:00",15.045,15.07,14.86,15.01,1170
"2019-05-07 00:00:00",15,15.02,14.895,15.009,2681
"2019-05-08 00:00:00",15.01,15.06,14.925,14.944,2752
"2019-05-09 00:00:00",14.94,14.94,14.79,14.853,3516
"2019-05-10 00:00:00",14.835,14.93,14.82,14.87,1872
"2019-05-12 00:00:00",14.78,14.793,14.758,14.758,0
"2019-05-13 00:00:00",14.86,14.89,14.7,14.857,2022
"2019-05-14 00:00:00",14.87,14.935,14.825,14.892,2223
"2019-05-15 00:00:00",14.885,14.93,14.85,14.889,1121
"2019-05-16 00:00:00",14.86,14.895,14.595,14.615,1867
"2019-05-17 00:00:00",14.595,14.615,14.465,14.466,1811
"2019-05-19 00:00:00",14.39,14.428,14.39,14.428,0
"2019-05-20 00:00:00",14.465,14.535,14.445,14.523,816
"2019-05-21 00:00:00",14.515,14.525,14.43,14.487,1329
"2019-05-22 00:00:00",14.5,14.555,14.455,14.527,1784
"2019-05-23 00:00:00",14.505,14.71,14.48,14.692,2622
"2019-05-24 00:00:00",14.655,14.665,14.6,14.636,1711
"2019-05-26 00:00:00",14.545,14.562,14.545,14.557,0
"2019-05-27 00:00:00",14.553,14.607,14.537,14.572,0
"2019-05-28 00:00:00",14.63,14.69,14.35,14.401,3299
"2019-05-29 00:00:00",14.415,14.525,14.41,14.488,5405
"2019-05-30 00:00:00",14.475,14.63,14.42,14.569,3699
"2019-05-31 00:00:00",14.575,14.75,14.54,14.646,6474
"2019-06-02 00:00:00",14.555,14.602,14.555,14.602,0
"2019-06-03 00:00:00",14.66,14.905,14.64,14.819,9131
"2019-06-04 00:00:00",14.855,14.915,14.725,14.845,7773
"2019-06-05 00:00:00",14.905,15.115,14.825,14.862,8638
"2019-06-06 00:00:00",14.86,15.065,14.8,14.978,7308
"2019-06-07 00:00:00",14.965,15.225,14.92,15.107,14378
"2019-06-09 00:00:00",15.008,15.008,14.953,14.973,0
"2019-06-10 00:00:00",15.05,15.075,14.7,14.713,13258
"2019-06-11 00:00:00",14.765,14.85,14.705,14.815,15424
"2019-06-12 00:00:00",14.795,14.93,14.79,14.827,10102
"2019-06-13 00:00:00",14.825,14.995,14.79,14.964,16084
"2019-06-14 00:00:00",14.965,15.19,14.85,14.878,14131
"2019-06-16 00:00:00",14.842,14.863,14.803,14.807,0
"2019-06-17 00:00:00",14.91,14.96,14.83,14.902,9796
"2019-06-18 00:00:00",14.895,15.155,14.875,15.067,21581
"2019-06-19 00:00:00",15.07,15.245,14.98,15.032,20482
"2019-06-20 00:00:00",15.24,15.59,15.19,15.568,56563
"2019-06-21 00:00:00",15.525,15.625,15.235,15.37,43990
"2019-06-23 00:00:00",15.33,15.422,15.33,15.402,0
"2019-06-24 00:00:00",15.445,15.54,15.37,15.461,51718
"2019-06-25 00:00:00",15.54,15.59,15.34,15.383,82565
"2019-06-26 00:00:00",15.43,15.435,15.24,15.375,76035
"2019-06-27 00:00:00",15.34,15.355,15.205,15.294,74816
"2019-06-28 00:00:00",15.3,15.385,15.245,15.341,57102
"2019-06-30 00:00:00",15.35,15.35,15.16,15.232,0
"2019-07-01 00:00:00",15.315,15.345,15.155,15.193,69998
"2019-07-02 00:00:00",15.16,15.365,15.07,15.238,71308
"2019-07-03 00:00:00",15.37,15.51,15.24,15.336,66804
"2019-07-04 00:00:00",15.342,15.37,15.252,15.35,0
"2019-07-05 00:00:00",15.365,15.37,14.915,15.001,109252
"2019-07-07 00:00:00",15.018,15.055,14.982,14.998,0
"2019-07-08 00:00:00",15.05,15.15,14.985,15.05,47616
"2019-07-09 00:00:00",15.035,15.155,14.965,15.147,49637
"2019-07-10 00:00:00",15.135,15.315,15.07,15.226,73717
"2019-07-11 00:00:00",15.265,15.345,15.12,15.146,60629
"2019-07-12 00:00:00",15.135,15.27,15.07,15.236,49158
"2019-07-14 00:00:00",15.248,15.277,15.227,15.252,0
"2019-07-15 00:00:00",15.24,15.43,15.185,15.365,67638
"2019-07-16 00:00:00",15.415,15.735,15.34,15.678,128867
"2019-07-17 00:00:00",15.585,16.03,15.555,15.971,111243
"2019-07-18 00:00:00",16.005,16.385,15.96,16.198,149092
"2019-07-19 00:00:00",16.385,16.625,16.08,16.195,173866
"2019-07-21 00:00:00",16.23,16.29,16.212,16.233,0
"2019-07-22 00:00:00",16.255,16.455,16.195,16.411,98270
"2019-07-23 00:00:00",16.38,16.575,16.205,16.476,111408
"2019-07-24 00:00:00",16.435,16.68,16.35,16.626,84627
"2019-07-25 00:00:00",16.62,16.685,16.345,16.411,121085
"2019-07-26 00:00:00",16.455,16.55,16.355,16.397,80584
"2019-07-28 00:00:00",16.427,16.453,16.402,16.402,0
"2019-07-29 00:00:00",16.42,16.5,16.36,16.44,62057
"2019-07-30 00:00:00",16.5,16.64,16.425,16.558,57740
"2019-07-31 00:00:00",16.585,16.6,16.215,16.405,107086
"2019-08-01 00:00:00",16.28,16.405,15.935,16.18,122903
"2019-08-02 00:00:00",16.355,16.385,16.03,16.27,100147
"2019-08-04 00:00:00",16.218,16.245,16.203,16.203,0
"2019-08-05 00:00:00",16.26,16.59,16.135,16.393,114331
"2019-08-06 00:00:00",16.44,16.53,16.365,16.445,71818
"2019-08-07 00:00:00",16.45,17.26,16.45,17.196,174977
"2019-08-08 00:00:00",17.1,17.225,16.81,16.936,124036
"2019-08-09 00:00:00",16.94,17.14,16.86,16.931,98618
"2019-08-11 00:00:00",16.968,17.003,16.942,16.997,0
"2019-08-12 00:00:00",16.965,17.15,16.8,17.071,83985
"2019-08-13 00:00:00",17.2,17.625,16.65,17.125,31541
"2019-08-14 00:00:00",17.1,17.45,17,17.422,13441
"2019-08-15 00:00:00",17.31,17.51,17.215,17.353,13260
"2019-08-16 00:00:00",17.385,17.455,17.165,17.263,9979
"2019-08-18 00:00:00",17.108,17.122,17.06,17.067,0
"2019-08-19 00:00:00",17.26,17.26,16.96,17.076,24249
"2019-08-20 00:00:00",16.985,17.31,16.97,17.286,24461
"2019-08-21 00:00:00",17.265,17.315,17.115,17.29,27091
"2019-08-22 00:00:00",17.25,17.265,17.055,17.178,30154
"2019-08-23 00:00:00",17.18,17.605,17.105,17.554,53309
"2019-08-25 00:00:00",17.552,17.863,17.552,17.812,0
"2019-08-26 00:00:00",17.65,17.9,17.64,17.785,58657
"2019-08-27 00:00:00",17.78,18.33,17.755,18.298,71091
"2019-08-28 00:00:00",18.295,18.62,18.17,18.456,103113
"2019-08-29 00:00:00",18.45,18.76,18.15,18.323,161555
"2019-08-30 00:00:00",18.365,18.575,18.165,18.342,115421
"2019-09-01 00:00:00",18.475,18.683,18.475,18.567,0
"2019-09-02 00:00:00",18.562,18.652,18.367,18.492,0
"2019-09-03 00:00:00",18.52,19.395,18.365,19.237,199680
"2019-09-04 00:00:00",19.35,19.75,19.28,19.547,156693
"2019-09-05 00:00:00",19.645,19.675,18.57,18.807,194133
"2019-09-06 00:00:00",18.715,18.89,18.045,18.119,221801
"2019-09-08 00:00:00",18.262,18.282,18.157,18.267,0
"2019-09-09 00:00:00",18.215,18.4,18.015,18.167,135346
"2019-09-10 00:00:00",18.09,18.265,17.855,18.186,116632
"2019-09-11 00:00:00",18.095,18.335,17.97,18.17,84659
"2019-09-12 00:00:00",18.2,18.555,18.085,18.177,99696
"2019-09-13 00:00:00",18.155,18.265,17.47,17.569,106472
"2019-09-15 00:00:00",17.517,17.843,17.517,17.823,0
"2019-09-16 00:00:00",17.755,18.075,17.69,18.026,108425
"2019-09-17 00:00:00",17.925,18.17,17.82,18.14,88426
"2019-09-18 00:00:00",18.095,18.12,17.58,17.919,100525
"2019-09-19 00:00:00",17.845,18.015,17.655,17.884,65966
"2019-09-20 00:00:00",17.87,18.06,17.81,17.849,59125
"2019-09-22 00:00:00",18.052,18.058,18.012,18.047,0
"2019-09-23 00:00:00",18.03,18.78,17.81,18.711,129336
"2019-09-24 00:00:00",18.655,18.81,17.99,18.628,132628
"2019-09-25 00:00:00",18.68,18.81,17.875,18.073,132581
"2019-09-26 00:00:00",17.99,18.75,17.785,17.912,110035
"2019-09-27 00:00:00",17.885,18.11,17.345,17.652,134220
"2019-09-29 00:00:00",17.595,17.657,17.555,17.578,0
"2019-09-30 00:00:00",17.59,17.66,16.98,16.998,96147
"2019-10-01 00:00:00",17.045,17.375,16.94,17.302,82417
"2019-10-02 00:00:00",17.31,17.73,17.24,17.683,70479
"2019-10-03 00:00:00",17.63,17.845,17.515,17.676,69996
"2019-10-04 00:00:00",17.63,17.745,17.33,17.625,59583
"2019-10-06 00:00:00",17.598,17.688,17.58,17.615,0
"2019-10-07 00:00:00",17.665,17.7,17.435,17.54,35221
"2019-10-08 00:00:00",17.49,17.86,17.305,17.7,91074
"2019-10-09 00:00:00",17.775,18,17.72,17.81,67681
"2019-10-10 00:00:00",17.8,17.935,17.455,17.602,93946
"2019-10-11 00:00:00",17.54,17.785,17.37,17.544,102665
"2019-10-13 00:00:00",17.535,17.595,17.497,17.512,0
"2019-10-14 00:00:00",17.59,17.735,17.455,17.71,48678
"2019-10-15 00:00:00",17.695,17.765,17.37,17.384,71963
"2019-10-16 00:00:00",17.43,17.49,17.18,17.427,80637
"2019-10-17 00:00:00",17.415,17.665,17.33,17.612,62368
"2019-10-18 00:00:00",17.57,17.62,17.42,17.578,48120
"2019-10-20 00:00:00",17.57,17.605,17.565,17.593,0
"2019-10-21 00:00:00",17.615,17.895,17.53,17.602,76354
"2019-10-22 00:00:00",17.58,17.68,17.44,17.5,56644
"2019-10-23 00:00:00",17.55,17.63,17.515,17.58,51192
"2019-10-24 00:00:00",17.575,17.86,17.485,17.804,76006
"2019-10-25 00:00:00",17.835,18.35,17.8,17.926,133993
"2019-10-27 00:00:00",18.038,18.062,18.01,18.032,0
"2019-10-28 00:00:00",18.065,18.145,17.785,17.876,81916
"2019-10-29 00:00:00",17.87,17.905,17.605,17.831,78571
"2019-10-30 00:00:00",17.82,17.965,17.59,17.867,84390
"2019-10-31 00:00:00",17.895,18.185,17.795,18.067,103410
"2019-11-01 00:00:00",18.12,18.16,17.935,18.052,89929
"2019-11-03 00:00:00",18.11,18.133,18.09,18.122,0
"2019-11-04 00:00:00",18.125,18.23,17.96,18.066,78097
"2019-11-05 00:00:00",18.06,18.085,17.52,17.568,141965
"2019-11-06 00:00:00",17.555,17.63,17.36,17.598,101426
"2019-11-07 00:00:00",17.605,17.645,16.91,17.01,166410
"2019-11-08 00:00:00",17.07,17.095,16.66,16.823,135567
"2019-11-10 00:00:00",16.762,16.808,16.758,16.802,0
"2019-11-11 00:00:00",16.755,16.91,16.63,16.802,90422
"2019-11-12 00:00:00",16.96,17,16.76,16.835,16706
"2019-11-13 00:00:00",16.91,17.14,16.91,17.057,19631
"2019-11-14 00:00:00",17.08,17.225,16.995,17.172,11074
"2019-11-15 00:00:00",17.135,17.15,16.92,17.092,8564
"2019-11-17 00:00:00",16.935,16.968,16.933,16.962,0
"2019-11-18 00:00:00",17.095,17.17,16.85,17.143,17145
"2019-11-19 00:00:00",17.145,17.3,17.08,17.265,21163
"2019-11-20 00:00:00",17.275,17.325,17.15,17.261,23128
"2019-11-21 00:00:00",17.28,17.31,17.155,17.211,30870
"2019-11-22 00:00:00",17.22,17.355,17.1,17.147,25743
"2019-11-24 00:00:00",17.155,17.155,17.01,17.032,0
"2019-11-25 00:00:00",17.1,17.115,16.965,17.03,33557
"2019-11-26 00:00:00",16.82,17.225,16.82,17.188,56279
"2019-11-27 00:00:00",17.19,17.2,17.025,17.055,61622
"2019-11-28 00:00:00",17.08,17.102,17.003,17.032,0
"2019-11-29 00:00:00",17.06,17.125,16.935,17.106,69200
"2019-12-01 00:00:00",17.098,17.102,17.052,17.062,0
"2019-12-02 00:00:00",17.07,17.1,16.895,16.966,71951
"2019-12-03 00:00:00",16.98,17.285,16.945,17.248,90112
"2019-12-04 00:00:00",17.25,17.415,16.865,16.916,112992
"2019-12-05 00:00:00",16.92,17.075,16.87,17.059,69272
"2019-12-06 00:00:00",17.02,17.125,16.575,16.596,110180
"2019-12-08 00:00:00",16.602,16.637,16.598,16.637,0
"2019-12-09 00:00:00",16.6,16.73,16.565,16.642,53510
"2019-12-10 00:00:00",16.655,16.77,16.625,16.702,50202
"2019-12-11 00:00:00",16.71,17.025,16.65,16.849,62672
"2019-12-12 00:00:00",16.93,17.185,16.82,16.949,113422
"2019-12-13 00:00:00",16.97,17.095,16.895,17.012,77899
"2019-12-15 00:00:00",17,17.027,16.98,16.983,0
"2019-12-16 00:00:00",17.005,17.14,16.955,17.113,48654
"2019-12-17 00:00:00",17.105,17.17,17.015,17.072,45741
"2019-12-18 00:00:00",17.05,17.122,16.938,17.073,0
"2019-12-19 00:00:00",17.075,17.098,17.047,17.093,0
