oildate,openprice,highprice,lowprice,closeprice,volume
"2015-11-11 00:00:00",47.08,47.73,45.62,45.81,193335
"2015-11-12 00:00:00",45.92,46.27,43.89,44.06,132491
"2015-11-13 00:00:00",44.08,44.85,43.57,43.61,28631
"2015-11-16 00:00:00",44.7,45.18,43.15,44.56,310123
"2015-11-17 00:00:00",44.7,45.1,43.5,43.57,260695
"2015-11-18 00:00:00",43.97,44.74,43.34,44.14,255682
"2015-11-19 00:00:00",44.3,44.76,43.7,44.18,201033
"2015-11-20 00:00:00",44.38,45.5,44.06,44.66,245339
"2015-11-23 00:00:00",44.46,45.73,43.57,44.83,290998
"2015-11-24 00:00:00",45.11,46.5,44.92,46.12,271930
"2015-11-25 00:00:00",46.04,46.5,45.03,46.17,229114
"2015-11-26 00:00:00",46.23,46.32,45,45.46,97318
"2015-11-27 00:00:00",45.57,45.63,44.79,44.86,165308
"2015-11-30 00:00:00",44.86,45.75,44.44,44.61,235944
"2015-12-01 00:00:00",44.62,45.18,44.03,44.44,301200
"2015-12-02 00:00:00",44.32,44.64,42.43,42.49,324059
"2015-12-03 00:00:00",42.77,44.69,42.61,43.84,271482
"2015-12-04 00:00:00",43.98,44.82,42.67,43,345828
"2015-12-07 00:00:00",43.26,43.26,40.6,40.73,272442
"2015-12-08 00:00:00",40.82,41.45,39.81,40.26,328376
"2015-12-09 00:00:00",40.63,41.59,39.57,40.11,284646
"2015-12-10 00:00:00",40.44,40.7,39.46,39.73,188988
"2015-12-11 00:00:00",39.55,39.74,37.36,37.93,167311
"2015-12-14 00:00:00",37.85,38.43,36.33,37.92,115119
"2015-12-15 00:00:00",37.89,39.41,37.55,38.45,73703
"2015-12-16 00:00:00",38.09,38.45,37.11,37.19,18232
"2015-12-17 00:00:00",37.6,37.93,36.75,37.06,200845
"2015-12-18 00:00:00",36.81,37.73,36.41,36.88,218042
"2015-12-21 00:00:00",36.55,36.75,36.04,36.35,175115
"2015-12-22 00:00:00",36.36,36.72,35.98,36.11,166304
"2015-12-23 00:00:00",36.37,37.88,36.28,37.36,196978
"2015-12-24 00:00:00",37.77,38.1,36.91,37.89,111015
"2015-12-28 00:00:00",37.84,37.95,36.41,36.62,84344
"2015-12-29 00:00:00",36.59,37.98,36.56,37.79,171677
"2015-12-30 00:00:00",37.29,37.55,36.35,36.46,173512
"2015-12-31 00:00:00",36.57,37.95,36.1,37.28,149598
"2016-01-04 00:00:00",37.85,38.99,36.77,37.22,321841
"2016-01-05 00:00:00",37.27,37.57,36.24,36.42,275471
"2016-01-06 00:00:00",36.64,36.67,34.13,34.23,296862
"2016-01-07 00:00:00",34.52,34.74,32.16,33.75,291511
"2016-01-08 00:00:00",34.02,34.72,32.78,33.55,206974
"2016-01-11 00:00:00",33.34,33.38,31.17,31.55,202062
"2016-01-12 00:00:00",31.54,32.38,30.34,30.86,142525
"2016-01-13 00:00:00",30.82,31.92,29.96,30.31,91957
"2016-01-14 00:00:00",30.26,31.23,29.73,31.03,16390
"2016-01-15 00:00:00",31,31.02,28.82,28.94,344461
"2016-01-18 00:00:00",28.73,29.58,27.67,28.55,211256
"2016-01-19 00:00:00",28.7,30.24,28.6,28.76,419479
"2016-01-20 00:00:00",28.66,28.75,27.1,27.88,375397
"2016-01-21 00:00:00",27.99,29.84,27.29,29.25,394256
"2016-01-22 00:00:00",29.62,32.3,29.29,32.18,407784
"2016-01-25 00:00:00",32.1,32.81,30,30.5,310139
"2016-01-26 00:00:00",30.01,32.72,29.27,31.8,335094
"2016-01-27 00:00:00",31.2,33.49,30.83,33.1,257108
"2016-01-28 00:00:00",32.84,35.84,32.56,33.89,195144
"2016-01-29 00:00:00",34.08,35,33.59,34.74,29658
"2016-02-01 00:00:00",35.85,36.25,33.92,34.24,331872
"2016-02-02 00:00:00",34.18,34.18,32.23,32.72,346885
"2016-02-03 00:00:00",32.41,35.53,32.3,35.04,396576
"2016-02-04 00:00:00",35.32,35.84,34.15,34.46,323933
"2016-02-05 00:00:00",34.39,35.14,33.81,34.06,296567
"2016-02-08 00:00:00",33.99,34.68,32.77,32.88,211549
"2016-02-09 00:00:00",33.17,33.56,30.28,30.32,305766
"2016-02-10 00:00:00",30.95,31.9,30.35,30.84,332987
"2016-02-11 00:00:00",30.83,31.35,29.92,30.06,347586
"2016-02-12 00:00:00",31.31,33.44,30.85,33.36,394479
"2016-02-15 00:00:00",32.77,34.09,32.67,33.39,160505
"2016-02-16 00:00:00",34.51,35.55,31.92,32.18,398492
"2016-02-17 00:00:00",32.54,34.99,31.82,34.5,355922
"2016-02-18 00:00:00",34.91,35.73,33.79,34.28,324096
"2016-02-19 00:00:00",33.88,34.46,32.68,33.01,287089
"2016-02-22 00:00:00",33.25,34.97,32.85,34.69,233332
"2016-02-23 00:00:00",34.54,35.11,32.9,33.27,348078
"2016-02-24 00:00:00",32.98,34.67,32.37,34.41,344004
"2016-02-25 00:00:00",34.39,35.74,33.29,35.29,210573
"2016-02-26 00:00:00",35.1,37,34.73,35.1,126420
"2016-02-29 00:00:00",35.1,36.23,34.83,35.97,30235
"2016-03-01 00:00:00",36.6,37.25,35.95,36.81,276263
"2016-03-02 00:00:00",36.62,37.4,36.1,36.93,278167
"2016-03-03 00:00:00",37.05,37.37,36.35,37.07,256490
"2016-03-04 00:00:00",37.04,38.95,36.82,38.72,295792
"2016-03-07 00:00:00",38.88,41.04,38.87,40.84,341913
"2016-03-08 00:00:00",40.71,41.48,39.31,39.65,352250
"2016-03-09 00:00:00",39.65,41.18,39.39,41.07,333486
"2016-03-10 00:00:00",40.89,41.01,39.63,40.05,287782
"2016-03-11 00:00:00",40.33,41.03,40.02,40.39,276648
"2016-03-14 00:00:00",40.25,40.65,38.82,39.53,264706
"2016-03-15 00:00:00",39.67,39.74,38.32,38.74,224361
"2016-03-16 00:00:00",39.14,40.44,38.83,40.33,263872
"2016-03-17 00:00:00",40.45,41.6,40.41,41.54,249228
"2016-03-18 00:00:00",41.38,42.54,41.07,41.2,286653
"2016-03-21 00:00:00",41.31,41.88,40.48,41.54,234102
"2016-03-22 00:00:00",41.47,42.08,40.97,41.79,268210
"2016-03-23 00:00:00",41.56,41.82,40.42,40.47,240906
"2016-03-24 00:00:00",40.4,40.64,39.22,40.44,203276
"2016-03-28 00:00:00",40.58,41,39.64,40.27,78614
"2016-03-29 00:00:00",40.19,40.25,38.76,39.14,149529
"2016-03-30 00:00:00",39.42,40.61,39.09,39.26,103118
"2016-03-31 00:00:00",39.12,40,38.74,39.6,27797
"2016-04-01 00:00:00",40.14,40.43,38.55,38.67,286168
"2016-04-04 00:00:00",38.69,38.92,37.5,37.69,286653
"2016-04-05 00:00:00",37.5,38.44,37.27,37.87,296446
"2016-04-06 00:00:00",38.4,39.94,38.34,39.84,323374
"2016-04-07 00:00:00",39.9,40.29,38.7,39.43,308721
"2016-04-08 00:00:00",39.68,42.01,39.62,41.94,340222
"2016-04-11 00:00:00",42,43.06,41.41,42.83,279920
"2016-04-12 00:00:00",42.7,44.81,42.56,44.69,357354
"2016-04-13 00:00:00",44.44,44.94,43.76,44.18,348587
"2016-04-14 00:00:00",44.01,44.62,43.29,43.84,234367
"2016-04-15 00:00:00",43.8,44.05,42.28,43.1,285166
"2016-04-18 00:00:00",41.8,43.43,40.1,42.91,383372
"2016-04-19 00:00:00",43.14,44.5,42.6,44.03,355947
"2016-04-20 00:00:00",43.52,45.88,42.81,45.8,297260
"2016-04-21 00:00:00",45.54,46.18,44.44,44.53,312602
"2016-04-22 00:00:00",44.75,45.9,44.3,45.11,272848
"2016-04-25 00:00:00",45.13,45.59,44.26,44.48,211675
"2016-04-26 00:00:00",44.69,46.49,44.36,45.74,199235
"2016-04-27 00:00:00",46.26,47.45,45.63,47.18,150793
"2016-04-28 00:00:00",47.1,48.19,46.74,48.14,113083
"2016-04-29 00:00:00",47.9,48.5,47.41,48.13,29515
"2016-05-02 00:00:00",47.37,47.4,45.72,45.83,168090
"2016-05-03 00:00:00",45.8,46.4,44.62,44.97,276403
"2016-05-04 00:00:00",45.21,46.01,44.19,44.62,293821
"2016-05-05 00:00:00",45.08,46.77,44.65,45.01,280794
"2016-05-06 00:00:00",45.16,46.12,44.19,45.37,283651
"2016-05-09 00:00:00",45.75,46.48,43.43,43.63,364584
"2016-05-10 00:00:00",43.49,45.7,43.33,45.52,343209
"2016-05-11 00:00:00",45.59,47.75,44.8,47.6,381737
"2016-05-12 00:00:00",47.32,48.19,46.8,48.08,353848
"2016-05-13 00:00:00",47.85,48.12,47.26,47.83,239047
"2016-05-16 00:00:00",47.8,49.47,47.77,48.97,294377
"2016-05-17 00:00:00",49.03,49.75,48.57,49.28,262324
"2016-05-18 00:00:00",49.36,49.85,48.45,48.93,319810
"2016-05-19 00:00:00",48.67,48.88,47.38,48.81,302095
"2016-05-20 00:00:00",48.9,49.39,48.07,48.72,255583
"2016-05-23 00:00:00",48.72,48.84,47.58,48.35,225090
"2016-05-24 00:00:00",48.35,49.24,47.8,48.61,211583
"2016-05-25 00:00:00",49.16,49.96,48.91,49.74,237787
"2016-05-26 00:00:00",49.76,50.51,49.25,49.59,221255
"2016-05-27 00:00:00",49.42,49.55,48.69,49.32,130178
"2016-05-30 00:00:00",49.43,49.83,48.92,49.76,23093
"2016-05-31 00:00:00",49.7,50.05,49.23,49.69,28690
"2016-06-01 00:00:00",49.65,50,48.65,49.72,265995
"2016-06-02 00:00:00",49.63,50.3,48.84,50.04,270116
"2016-06-03 00:00:00",49.95,50.33,49.3,49.64,227821
"2016-06-06 00:00:00",49.83,50.83,49.72,50.55,223756
"2016-06-07 00:00:00",50.46,51.54,50.28,51.44,208823
"2016-06-08 00:00:00",51.41,52.8,51.32,52.51,260745
"2016-06-09 00:00:00",52.74,52.86,51.53,51.95,213124
"2016-06-10 00:00:00",51.91,52.1,50.33,50.54,210059
"2016-06-13 00:00:00",50.42,50.79,49.61,50.35,208806
"2016-06-14 00:00:00",49.89,50.05,49.2,49.83,224005
"2016-06-15 00:00:00",49.22,49.8,48.39,48.97,298839
"2016-06-16 00:00:00",48.56,48.77,46.94,47.19,287302
"2016-06-17 00:00:00",47.28,49.4,47.25,49.17,222734
"2016-06-20 00:00:00",49.42,50.68,49.24,50.65,244410
"2016-06-21 00:00:00",50.43,51.1,49.46,50.62,256951
"2016-06-22 00:00:00",51.06,51.24,49.18,49.88,282721
"2016-06-23 00:00:00",50.14,51.18,49.89,50.91,246953
"2016-06-24 00:00:00",50.69,50.74,47.54,48.41,351742
"2016-06-27 00:00:00",48.43,48.9,46.69,47.16,243264
"2016-06-28 00:00:00",47.61,48.79,47.47,48.58,173176
"2016-06-29 00:00:00",48.84,50.74,48.62,50.61,112964
"2016-06-30 00:00:00",50.21,50.28,49.47,49.68,25406
"2016-07-01 00:00:00",49.9,50.66,49.25,50.35,248693
"2016-07-04 00:00:00",50.6,50.75,50.03,50.1,113446
"2016-07-05 00:00:00",50.03,50.05,47.54,47.96,305737
"2016-07-06 00:00:00",48.06,49.31,47.17,48.8,279124
"2016-07-07 00:00:00",49.12,49.59,46.15,46.4,328097
"2016-07-08 00:00:00",46.6,47.23,46.15,46.76,237284
"2016-07-11 00:00:00",46.49,47.1,45.9,46.25,229276
"2016-07-12 00:00:00",46.17,48.57,46.09,48.47,321525
"2016-07-13 00:00:00",48.13,48.2,46.09,46.26,299796
"2016-07-14 00:00:00",46.59,47.47,46.34,47.37,289398
"2016-07-15 00:00:00",47.03,48.25,46.65,47.61,260430
"2016-07-18 00:00:00",47.92,47.95,46.5,46.96,230495
"2016-07-19 00:00:00",46.93,47.49,46.53,46.66,214363
"2016-07-20 00:00:00",46.76,47.49,45.9,47.17,296296
"2016-07-21 00:00:00",47.17,47.56,46.05,46.2,237479
"2016-07-22 00:00:00",46.21,46.5,45.17,45.69,243489
"2016-07-25 00:00:00",45.7,45.87,44.55,44.72,188805
"2016-07-26 00:00:00",44.82,44.96,44.14,44.87,240329
"2016-07-27 00:00:00",44.55,44.91,43.27,43.47,194572
"2016-07-28 00:00:00",43.53,43.72,42.56,42.7,110094
"2016-07-29 00:00:00",42.61,42.83,41.8,42.46,21544
"2016-08-01 00:00:00",43.11,43.85,41.87,42.14,234773
"2016-08-02 00:00:00",42.23,43.18,41.51,41.8,262560
"2016-08-03 00:00:00",41.94,43.47,41.56,43.1,320440
"2016-08-04 00:00:00",43.36,44.34,42.51,44.29,276418
"2016-08-05 00:00:00",44.18,44.49,43.51,44.27,236874
"2016-08-08 00:00:00",44.34,45.71,44.24,45.39,221513
"2016-08-09 00:00:00",45.25,45.77,44.76,44.98,216218
"2016-08-10 00:00:00",44.92,45.68,43.81,44.05,284858
"2016-08-11 00:00:00",43.78,46.3,43.46,46.04,335527
"2016-08-12 00:00:00",46.18,47.25,45.74,46.97,258003
"2016-08-15 00:00:00",47.14,48.54,46.84,48.35,234398
"2016-08-16 00:00:00",48.22,49.36,47.9,49.23,331860
"2016-08-17 00:00:00",48.88,49.93,48.55,49.85,377399
"2016-08-18 00:00:00",49.76,51.05,49.52,50.89,268834
"2016-08-19 00:00:00",50.96,51.22,50.32,50.88,252338
"2016-08-22 00:00:00",50.7,50.7,49.07,49.16,270367
"2016-08-23 00:00:00",49.04,50.21,48.48,49.96,314178
"2016-08-24 00:00:00",49.57,49.87,48.68,49.05,280915
"2016-08-25 00:00:00",49.03,49.78,48.7,49.67,217126
"2016-08-26 00:00:00",49.66,50.76,49.12,49.92,209621
"2016-08-29 00:00:00",49.54,49.6,48.97,49.26,65667
"2016-08-30 00:00:00",49.25,49.76,48.23,48.37,124524
"2016-08-31 00:00:00",48.29,48.42,46.96,47.04,20606
"2016-09-01 00:00:00",46.98,47.24,45.32,45.45,290044
"2016-09-02 00:00:00",45.79,47.02,45.41,46.83,279344
"2016-09-05 00:00:00",46.7,49.4,46.4,47.63,287952
"2016-09-06 00:00:00",47.43,47.99,46.29,47.26,215064
"2016-09-07 00:00:00",47.2,48.56,46.97,47.98,224227
"2016-09-08 00:00:00",48.55,50.14,48.21,49.99,327242
"2016-09-09 00:00:00",49.63,49.7,47.76,48.01,262147
"2016-09-12 00:00:00",47.81,48.63,46.9,48.32,258760
"2016-09-13 00:00:00",48.17,48.22,46.96,47.1,280023
"2016-09-14 00:00:00",47.33,47.48,45.7,45.85,332961
"2016-09-15 00:00:00",46.06,47,45.67,46.59,320720
"2016-09-16 00:00:00",46.31,46.41,45.48,45.77,226321
"2016-09-19 00:00:00",46.01,46.93,45.85,45.95,209911
"2016-09-20 00:00:00",45.91,46.3,45.09,45.88,298796
"2016-09-21 00:00:00",46.45,47.14,46.38,46.83,249080
"2016-09-22 00:00:00",46.99,47.83,46.99,47.65,290326
"2016-09-23 00:00:00",47.42,48.26,45.65,45.89,306857
"2016-09-26 00:00:00",46.05,47.66,45.74,47.35,208153
"2016-09-27 00:00:00",47.06,47.28,45.63,45.97,241177
"2016-09-28 00:00:00",46.14,48.96,45.7,48.69,188670
"2016-09-29 00:00:00",48.87,49.81,47.99,49.24,114831
"2016-09-30 00:00:00",49.18,49.25,48.21,49.06,26942
"2016-10-03 00:00:00",50.02,51.14,49.74,50.89,284259
"2016-10-04 00:00:00",50.93,51.55,50.34,50.87,269265
"2016-10-05 00:00:00",51.22,52.09,51.22,51.86,302091
"2016-10-06 00:00:00",51.76,52.75,51.32,52.51,293868
"2016-10-07 00:00:00",52.72,52.84,51.33,51.93,310018
"2016-10-10 00:00:00",51.63,53.73,51.3,53.14,334274
"2016-10-11 00:00:00",53.11,53.32,52.12,52.41,373849
"2016-10-12 00:00:00",52.48,52.87,51.61,51.81,254729
"2016-10-13 00:00:00",51.6,52.15,50.92,52.03,310648
"2016-10-14 00:00:00",52.06,52.55,51.5,51.95,248439
"2016-10-17 00:00:00",51.93,52.29,51.16,51.52,247028
"2016-10-18 00:00:00",51.72,52.15,51.25,51.68,274173
"2016-10-19 00:00:00",52.13,53.14,52.09,52.67,292949
"2016-10-20 00:00:00",52.6,52.72,51.17,51.38,279308
"2016-10-21 00:00:00",51.4,51.94,51.12,51.78,249161
"2016-10-24 00:00:00",51.89,52.01,50.5,51.46,277239
"2016-10-25 00:00:00",51.44,51.83,50.22,50.79,237734
"2016-10-26 00:00:00",50.26,50.69,49.65,49.98,304515
"2016-10-27 00:00:00",50.05,50.9,49.83,50.47,138087
"2016-10-28 00:00:00",50.41,50.58,49.31,49.71,94844
"2016-10-31 00:00:00",49.41,49.72,47.98,48.3,32214
"2016-11-01 00:00:00",48.72,49.26,47.72,48.14,462804
"2016-11-02 00:00:00",47.9,48.02,46.46,46.86,366824
"2016-11-03 00:00:00",47.15,47.52,45.99,46.35,283660
"2016-11-04 00:00:00",46.43,46.56,45.08,45.58,384560
"2016-11-07 00:00:00",45.7,46.38,45.38,46.15,276169
"2016-11-08 00:00:00",46.3,46.69,45.6,46.04,320983
"2016-11-09 00:00:00",46.04,46.95,44.4,46.36,448124
"2016-11-10 00:00:00",46.36,46.92,45.56,45.84,302446
"2016-11-11 00:00:00",45.8,45.89,44.19,44.75,286705
"2016-11-14 00:00:00",44.54,44.99,43.57,44.43,260146
"2016-11-15 00:00:00",44.7,47.25,44.67,46.95,354268
"2016-11-16 00:00:00",46.88,47.56,46.25,46.63,335482
"2016-11-17 00:00:00",46.44,47.62,45.97,46.49,280944
"2016-11-18 00:00:00",46.05,46.99,45.75,46.86,249336
"2016-11-21 00:00:00",46.92,49.15,46.92,48.9,282704
"2016-11-22 00:00:00",49.25,49.96,48.14,49.12,436934
"2016-11-23 00:00:00",49.2,49.5,48.56,48.95,275288
"2016-11-24 00:00:00",49.03,49.21,48.76,49,71185
"2016-11-25 00:00:00",48.96,49.02,46.85,47.24,181171
"2016-11-28 00:00:00",46.71,48.81,46.28,48.24,207955
"2016-11-29 00:00:00",48.07,48.1,45.92,46.38,133105
"2016-11-30 00:00:00",46.54,50.49,46.51,50.47,43117
"2016-12-01 00:00:00",51.72,54.53,51.51,53.94,460862
"2016-12-02 00:00:00",53.88,54.5,52.84,54.46,312780
"2016-12-05 00:00:00",54.4,55.33,53.77,54.94,288551
"2016-12-06 00:00:00",54.5,54.94,53.51,53.93,280650
"2016-12-07 00:00:00",53.94,54.23,52.92,53,298565
"2016-12-08 00:00:00",53.15,54.05,52.81,53.89,334183
"2016-12-09 00:00:00",53.97,54.46,53.77,54.33,264797
"2016-12-12 00:00:00",55.88,57.89,55.11,55.69,372173
"2016-12-13 00:00:00",55.7,56.44,55.13,55.72,283432
"2016-12-14 00:00:00",55.16,55.81,53.52,53.9,353966
"2016-12-15 00:00:00",53.76,54.5,53.15,54.02,266152
"2016-12-16 00:00:00",54.11,55.38,53.71,55.21,229187
"2016-12-19 00:00:00",55.4,55.8,54.69,54.92,228387
"2016-12-20 00:00:00",55.02,55.92,54.75,55.35,257022
"2016-12-21 00:00:00",55.52,55.87,54.32,54.46,277727
"2016-12-22 00:00:00",54.55,55.23,54.05,55.05,194658
"2016-12-23 00:00:00",54.84,55.25,54.26,55.16,104088
"2016-12-27 00:00:00",55.18,57.15,55.04,56.09,67836
"2016-12-28 00:00:00",56.06,56.56,55.89,56.22,109907
"2016-12-29 00:00:00",56.01,56.63,55.91,56.14,49076
"2016-12-30 00:00:00",57,57.2,56.46,56.82,129096
"2017-01-03 00:00:00",57.05,58.37,55.3,55.47,340817
"2017-01-04 00:00:00",55.73,56.55,55.33,56.46,282545
"2017-01-05 00:00:00",56.35,57.35,56.01,56.89,269612
"2017-01-06 00:00:00",56.88,57.47,56.28,57.1,234870
"2017-01-09 00:00:00",56.81,57,54.74,54.94,266387
"2017-01-10 00:00:00",54.95,55.36,53.58,53.64,332978
"2017-01-11 00:00:00",53.8,55.67,53.7,55.1,419902
"2017-01-12 00:00:00",55.19,56.43,55.01,56.01,331632
"2017-01-13 00:00:00",56,56.21,55.28,55.45,247086
"2017-01-16 00:00:00",55.64,55.92,55.19,55.86,112583
"2017-01-17 00:00:00",55.74,56.95,55.4,55.47,335727
"2017-01-18 00:00:00",55.48,55.9,53.77,53.92,360148
"2017-01-19 00:00:00",54.29,54.77,53.9,54.16,346867
"2017-01-20 00:00:00",54.33,55.8,54.18,55.49,293535
"2017-01-23 00:00:00",55.7,55.75,54.65,55.23,305849
"2017-01-24 00:00:00",55.42,55.87,55.07,55.44,254893
"2017-01-25 00:00:00",55.24,55.65,54.75,55.08,275730
"2017-01-26 00:00:00",55.39,56.55,55.21,56.24,265715
"2017-01-27 00:00:00",56.09,56.5,54.86,55.52,142066
"2017-01-30 00:00:00",55.47,55.7,54.97,55.23,104897
"2017-01-31 00:00:00",55.25,56,54.9,55.7,28804
"2017-02-01 00:00:00",55.55,56.83,55.36,56.8,301235
"2017-02-02 00:00:00",56.53,57.45,56.33,56.56,297350
"2017-02-03 00:00:00",56.92,57.3,56.39,56.81,264757
"2017-02-06 00:00:00",56.85,57.13,55.65,55.72,252700
"2017-02-07 00:00:00",55.91,55.98,54.58,55.05,317181
"2017-02-08 00:00:00",54.5,55.68,54.44,55.12,409826
"2017-02-09 00:00:00",55.3,55.92,55.23,55.63,263404
"2017-02-10 00:00:00",55.66,56.88,55.59,56.7,284708
"2017-02-13 00:00:00",56.68,56.81,55.41,55.59,234314
"2017-02-14 00:00:00",55.75,56.46,55.53,55.97,254982
"2017-02-15 00:00:00",55.82,56.25,55.56,55.75,272519
"2017-02-16 00:00:00",55.74,56.24,55.13,55.65,310843
"2017-02-17 00:00:00",55.73,55.88,55.1,55.81,270492
"2017-02-20 00:00:00",55.9,56.42,55.7,56.18,209626
"2017-02-21 00:00:00",56.17,57.31,56.1,56.66,335443
"2017-02-22 00:00:00",56.74,57.01,55.64,55.84,245156
"2017-02-23 00:00:00",56.2,57.26,56.18,56.58,223585
"2017-02-24 00:00:00",56.4,56.66,55.74,55.99,164961
"2017-02-27 00:00:00",55.96,56.77,55.86,55.93,139288
"2017-02-28 00:00:00",56.02,56.15,55.23,55.59,28347
"2017-03-01 00:00:00",56.45,57.05,56.24,56.36,261742
"2017-03-02 00:00:00",56.31,56.44,55.03,55.08,350118
"2017-03-03 00:00:00",55.18,55.95,55.09,55.9,248708
"2017-03-06 00:00:00",55.8,56.25,55.32,56.01,224195
"2017-03-07 00:00:00",55.95,56.65,55.56,55.92,269515
"2017-03-08 00:00:00",55.63,55.77,52.93,53.11,444133
"2017-03-09 00:00:00",53.49,53.86,51.5,52.19,504122
"2017-03-10 00:00:00",52.33,53.02,51.14,51.37,351344
"2017-03-13 00:00:00",51.49,51.7,50.85,51.35,276760
"2017-03-14 00:00:00",51.34,51.86,50.25,50.92,411631
"2017-03-15 00:00:00",51.5,52.15,51.36,51.81,327902
"2017-03-16 00:00:00",52.08,52.65,51.5,51.74,281525
"2017-03-17 00:00:00",51.74,52.18,51.53,51.76,220349
"2017-03-20 00:00:00",51.8,51.94,51.01,51.62,239247
"2017-03-21 00:00:00",51.7,52.22,50.73,50.96,291705
"2017-03-22 00:00:00",50.86,50.98,49.71,50.64,327912
"2017-03-23 00:00:00",50.83,51.1,50.25,50.56,320211
"2017-03-24 00:00:00",50.64,51.06,50.4,50.8,215340
"2017-03-27 00:00:00",51.03,51.1,50.03,50.75,195521
"2017-03-28 00:00:00",50.77,51.87,50.77,51.33,186414
"2017-03-29 00:00:00",51.43,52.48,51.36,52.42,140442
"2017-03-30 00:00:00",52.39,53.1,52.03,52.96,128549
"2017-03-31 00:00:00",52.83,53.45,52.35,52.83,27461
"2017-04-03 00:00:00",53.62,53.74,53.03,53.12,241746
"2017-04-04 00:00:00",53.18,54.38,52.73,54.17,302109
"2017-04-05 00:00:00",54.22,55.09,53.97,54.36,353017
"2017-04-06 00:00:00",54.13,55,54.02,54.89,239472
"2017-04-07 00:00:00",54.88,56.08,54.57,55.24,317775
"2017-04-10 00:00:00",55.19,56.05,55.19,55.98,298898
"2017-04-11 00:00:00",56.08,56.3,55.45,56.23,340419
"2017-04-12 00:00:00",56.28,56.65,55.5,55.86,373526
"2017-04-13 00:00:00",55.66,56.06,55.56,55.89,325309
"2017-04-17 00:00:00",55.55,55.98,55.29,55.36,158972
"2017-04-18 00:00:00",55.39,55.48,54.61,54.89,373099
"2017-04-19 00:00:00",54.78,55.2,52.58,52.93,435407
"2017-04-20 00:00:00",53.09,53.55,52.68,52.99,401851
"2017-04-21 00:00:00",53,53.29,51.57,51.96,348477
"2017-04-24 00:00:00",52.11,52.57,51.42,51.6,267284
"2017-04-25 00:00:00",51.6,52.39,51.3,52.1,272756
"2017-04-26 00:00:00",51.81,52.46,51.38,51.82,206557
"2017-04-27 00:00:00",51.57,51.76,50.45,51.44,187128
"2017-04-28 00:00:00",51.58,52.12,51.31,51.73,23204
"2017-05-01 00:00:00",51.88,51.97,51.22,51.52,121525
"2017-05-02 00:00:00",51.39,52.16,50.14,50.46,364060
"2017-05-03 00:00:00",50.99,51.14,50.2,50.79,357189
"2017-05-04 00:00:00",50.59,50.73,48.16,48.38,541579
"2017-05-05 00:00:00",48.45,49.63,46.64,49.1,530438
"2017-05-08 00:00:00",49.27,49.92,48.48,49.34,400718
"2017-05-09 00:00:00",49.44,49.72,48.39,48.73,332913
"2017-05-10 00:00:00",48.95,50.63,48.81,50.22,368112
"2017-05-11 00:00:00",50.28,51.16,50.25,50.77,315588
"2017-05-12 00:00:00",50.76,51.09,50.33,50.84,304757
"2017-05-15 00:00:00",50.89,52.63,50.74,51.82,331418
"2017-05-16 00:00:00",51.88,52.36,51.1,51.65,340962
"2017-05-17 00:00:00",51.2,52.61,51.04,52.21,331361
"2017-05-18 00:00:00",52.19,52.74,51.11,52.51,363694
"2017-05-19 00:00:00",52.57,53.82,52.55,53.61,333274
"2017-05-22 00:00:00",53.85,54.37,53.66,53.87,379122
"2017-05-23 00:00:00",53.87,54.43,53.2,54.15,328325
"2017-05-24 00:00:00",54.14,54.62,53.66,53.96,351635
"2017-05-25 00:00:00",54.15,54.67,51.03,51.46,464495
"2017-05-26 00:00:00",51.38,52.3,50.71,52.15,265833
"2017-05-29 00:00:00",52.24,52.61,51.86,52.29,36592
"2017-05-30 00:00:00",52.25,52.35,51.19,51.84,137207
"2017-05-31 00:00:00",51.92,51.92,49.81,50.31,41681
"2017-06-01 00:00:00",51.17,51.45,50.23,50.63,462917
"2017-06-02 00:00:00",50.23,50.52,48.95,49.95,451455
"2017-06-05 00:00:00",49.87,50.74,49.04,49.47,348409
"2017-06-06 00:00:00",49.57,50.3,49,50.12,329713
"2017-06-07 00:00:00",49.97,50.14,47.96,48.06,461745
"2017-06-08 00:00:00",48.26,48.6,47.56,47.86,445968
"2017-06-09 00:00:00",47.79,48.56,47.4,48.15,285815
"2017-06-12 00:00:00",48.06,49.15,48.01,48.29,316560
"2017-06-13 00:00:00",48.32,48.82,47.87,48.72,321281
"2017-06-14 00:00:00",48.18,48.69,46.74,47,464423
"2017-06-15 00:00:00",46.8,47.2,46.7,46.92,301404
"2017-06-16 00:00:00",46.82,47.61,46.81,47.37,227424
"2017-06-19 00:00:00",47.21,47.76,46.77,46.91,261488
"2017-06-20 00:00:00",46.96,47.23,45.42,46.02,343458
"2017-06-21 00:00:00",45.89,46.63,44.35,44.82,389712
"2017-06-22 00:00:00",44.81,45.79,44.53,45.22,346755
"2017-06-23 00:00:00",45.28,45.75,45.03,45.54,252259
"2017-06-26 00:00:00",45.63,46.24,45.04,45.83,203221
"2017-06-27 00:00:00",45.85,47.06,45.79,46.65,263256
"2017-06-28 00:00:00",46.25,47.47,46.25,47.31,162581
"2017-06-29 00:00:00",47.39,48.03,47.14,47.42,179560
"2017-06-30 00:00:00",47.46,48.12,47.46,47.92,26181
"2017-07-03 00:00:00",48.95,49.71,48.54,49.68,244518
"2017-07-04 00:00:00",49.63,49.9,49.29,49.61,129566
"2017-07-05 00:00:00",49.67,49.84,47,47.79,372984
"2017-07-06 00:00:00",48.28,49.18,47.77,48.11,308255
"2017-07-07 00:00:00",47.76,47.76,46.28,46.71,302323
"2017-07-10 00:00:00",46.84,47.38,46.11,46.88,268902
"2017-07-11 00:00:00",46.99,48.21,46.29,47.52,283386
"2017-07-12 00:00:00",48.21,48.79,47.35,47.74,333698
"2017-07-13 00:00:00",47.7,48.53,47.18,48.42,262631
"2017-07-14 00:00:00",48.37,49.11,48.15,48.91,295663
"2017-07-17 00:00:00",49.14,49.26,48.31,48.42,227420
"2017-07-18 00:00:00",48.4,49.41,48.24,48.84,251496
"2017-07-19 00:00:00",48.7,49.81,48.58,49.7,300371
"2017-07-20 00:00:00",49.65,50.19,49.19,49.3,315337
"2017-07-21 00:00:00",49.33,49.65,47.81,48.06,338354
"2017-07-24 00:00:00",47.96,48.77,47.68,48.6,287928
"2017-07-25 00:00:00",48.64,50.91,48.63,50.2,284288
"2017-07-26 00:00:00",50.63,51.06,50.07,50.97,258949
"2017-07-27 00:00:00",50.86,51.64,50.5,51.49,184427
"2017-07-28 00:00:00",51.6,52.7,51.31,52.52,159148
"2017-07-31 00:00:00",52.6,52.92,52.2,52.65,25540
"2017-08-01 00:00:00",52.7,52.93,50.88,51.78,392641
"2017-08-02 00:00:00",51.38,52.43,51.18,52.36,406415
"2017-08-03 00:00:00",52.24,52.89,51.77,52.01,402658
"2017-08-04 00:00:00",51.97,52.52,51.43,52.42,278784
"2017-08-07 00:00:00",52.39,52.53,51.37,52.37,260937
"2017-08-08 00:00:00",52.24,52.73,51.82,52.14,235160
"2017-08-09 00:00:00",51.99,52.85,51.81,52.7,265606
"2017-08-10 00:00:00",52.72,53.64,51.67,51.9,450278
"2017-08-11 00:00:00",51.94,52.28,51.3,52.1,245314
"2017-08-14 00:00:00",52.02,52.38,50.55,50.73,281573
"2017-08-15 00:00:00",50.65,51.15,50.02,50.8,334161
"2017-08-16 00:00:00",50.98,51.4,50.15,50.27,305551
"2017-08-17 00:00:00",50.4,51.12,50,51.03,334304
"2017-08-18 00:00:00",50.89,52.96,50.78,52.72,317440
"2017-08-21 00:00:00",53,53,51.3,51.66,271574
"2017-08-22 00:00:00",51.78,52.28,51.39,51.87,313918
"2017-08-23 00:00:00",51.68,52.63,51.45,52.57,287199
"2017-08-24 00:00:00",52.55,52.71,51.61,52.04,255763
"2017-08-25 00:00:00",52.3,52.68,51.93,52.41,218089
"2017-08-28 00:00:00",52.38,52.84,51.52,51.89,141582
"2017-08-29 00:00:00",52.04,52.19,51.36,52,139974
"2017-08-30 00:00:00",51.97,52.01,50.58,50.86,152585
"2017-08-31 00:00:00",50.58,52.43,50.56,52.38,33499
"2017-09-01 00:00:00",52.84,52.95,52.24,52.75,262197
"2017-09-04 00:00:00",52.85,52.85,51.99,52.34,121539
"2017-09-05 00:00:00",52.3,53.66,52.09,53.38,300776
"2017-09-06 00:00:00",53.16,54.31,53.09,54.2,322595
"2017-09-07 00:00:00",54.13,54.67,53.89,54.49,306718
"2017-09-08 00:00:00",54.54,54.87,53.57,53.78,307449
"2017-09-11 00:00:00",53.82,54.14,53.04,53.84,276434
"2017-09-12 00:00:00",53.77,54.44,53.42,54.27,279336
"2017-09-13 00:00:00",54.18,55.21,54.03,55.16,291472
"2017-09-14 00:00:00",55.02,55.99,54.93,55.47,327352
"2017-09-15 00:00:00",55.29,55.85,54.86,55.62,271070
"2017-09-18 00:00:00",55.59,55.95,54.82,55.48,278120
"2017-09-19 00:00:00",55.48,55.89,54.89,55.14,221760
"2017-09-20 00:00:00",55.35,56.48,55.26,56.29,295650
"2017-09-21 00:00:00",56.17,56.53,55.76,56.43,251616
"2017-09-22 00:00:00",56.5,56.91,56.22,56.86,208360
"2017-09-25 00:00:00",56.87,59.25,56.7,59.02,224939
"2017-09-26 00:00:00",59.05,59.49,57.77,58.44,214727
"2017-09-27 00:00:00",58.57,58.89,57.57,57.9,142870
"2017-09-28 00:00:00",57.7,58.65,56.85,57.41,117888
"2017-09-29 00:00:00",57.6,57.8,57.14,57.54,24020
"2017-10-02 00:00:00",56.73,56.76,55.5,56.12,352045
"2017-10-03 00:00:00",56.1,56.4,55.7,56,275423
"2017-10-04 00:00:00",55.67,56.2,55.38,55.8,330854
"2017-10-05 00:00:00",55.77,57.24,55.7,57,379302
"2017-10-06 00:00:00",56.99,57.28,55.13,55.62,395647
"2017-10-09 00:00:00",55.5,55.98,55.06,55.79,301152
"2017-10-10 00:00:00",55.78,56.91,55.73,56.61,290341
"2017-10-11 00:00:00",56.56,57.09,56.14,56.94,310139
"2017-10-12 00:00:00",56.74,56.83,55.88,56.25,339530
"2017-10-13 00:00:00",56.44,57.57,56.34,57.17,332597
"2017-10-16 00:00:00",57.28,58.47,57.12,57.82,341777
"2017-10-17 00:00:00",57.78,58.35,57.18,57.88,405217
"2017-10-18 00:00:00",58.16,58.54,57.74,58.15,329325
"2017-10-19 00:00:00",58.24,58.3,57.02,57.23,430668
"2017-10-20 00:00:00",57.32,57.94,56.6,57.75,369888
"2017-10-23 00:00:00",57.95,58.05,57.27,57.37,353071
"2017-10-24 00:00:00",57.41,58.57,57.04,58.33,334681
"2017-10-25 00:00:00",58.44,58.74,57.85,58.44,260548
"2017-10-26 00:00:00",58.42,59.55,58.05,59.3,232283
"2017-10-27 00:00:00",59.37,60.65,58.82,60.44,209886
"2017-10-30 00:00:00",60.66,61,60.14,60.9,168541
"2017-10-31 00:00:00",60.86,61.41,60.53,61.37,29115
"2017-11-01 00:00:00",61.07,61.7,60,60.49,337761
"2017-11-02 00:00:00",60.5,60.86,60.02,60.62,289300
"2017-11-03 00:00:00",60.88,62.23,60.6,62.07,272739
"2017-11-06 00:00:00",62.27,64.44,62.08,64.27,356994
"2017-11-07 00:00:00",64.12,64.65,63.5,63.69,389455
"2017-11-08 00:00:00",63.69,64.64,62.95,63.49,418072
"2017-11-09 00:00:00",63.52,64.25,63.26,63.93,319856
"2017-11-10 00:00:00",63.8,64.27,63.35,63.52,307965
"2017-11-13 00:00:00",63.68,63.77,62.61,63.16,335154
"2017-11-14 00:00:00",63.06,63.17,61.21,62.21,418939
"2017-11-15 00:00:00",61.55,62.13,61.3,61.87,279411
"2017-11-16 00:00:00",61.88,62.15,61.25,61.36,314062
"2017-11-17 00:00:00",61.41,62.92,61.08,62.72,356735
"2017-11-20 00:00:00",62.8,62.8,61.44,62.22,283479
"2017-11-21 00:00:00",62.1,62.87,62.07,62.57,338157
"2017-11-22 00:00:00",62.78,63.43,62.62,63.32,322870
"2017-11-23 00:00:00",63.24,63.57,62.88,63.55,113080
"2017-11-24 00:00:00",63.35,63.95,63.28,63.86,152696
"2017-11-27 00:00:00",63.8,63.99,63.1,63.84,249086
"2017-11-28 00:00:00",63.78,63.89,63.1,63.61,186934
"2017-11-29 00:00:00",63.3,64.07,62.5,63.11,178202
"2017-11-30 00:00:00",63.28,64.21,63.21,63.57,26207
"2017-12-01 00:00:00",62.74,64.32,62.59,63.73,308154
"2017-12-04 00:00:00",63.5,63.68,62.31,62.45,250521
"2017-12-05 00:00:00",62.45,63.15,62.12,62.86,219338
"2017-12-06 00:00:00",62.64,62.93,61.13,61.22,314261
"2017-12-07 00:00:00",61.3,62.26,61.15,62.2,238964
"2017-12-08 00:00:00",62.08,63.64,62.01,63.4,362429
"2017-12-11 00:00:00",63.29,64.93,62.99,64.69,488007
"2017-12-12 00:00:00",64.66,65.83,63.07,63.34,508993
"2017-12-13 00:00:00",63.8,64.32,62.36,62.44,354367
"2017-12-14 00:00:00",62.81,63.5,62.01,63.31,277672
"2017-12-15 00:00:00",63.39,63.68,63.08,63.23,212995
"2017-12-18 00:00:00",63.36,63.91,63,63.41,234617
"2017-12-19 00:00:00",63.41,63.91,63.3,63.8,213190
"2017-12-20 00:00:00",63.83,64.6,63.67,64.56,222727
"2017-12-21 00:00:00",64.49,64.93,64.2,64.9,155417
"2017-12-22 00:00:00",64.63,65.28,64.38,65.25,110419
"2017-12-26 00:00:00",65.2,67.1,65,67.02,74246
"2017-12-27 00:00:00",66.76,66.94,66.03,66.44,122431
"2017-12-28 00:00:00",66.43,66.85,66.23,66.72,35088
"2017-12-29 00:00:00",66.15,66.98,66.15,66.87,157948
"2018-01-02 00:00:00",66.55,67.29,66.24,66.57,211739
"2018-01-03 00:00:00",66.54,68.03,66.4,67.84,260862
"2018-01-04 00:00:00",67.89,68.27,67.62,68.07,246148
"2018-01-05 00:00:00",67.97,68.11,67.26,67.62,183452
"2018-01-08 00:00:00",67.8,67.99,67.44,67.78,210348
"2018-01-09 00:00:00",68,69.29,67.7,68.82,319922
"2018-01-10 00:00:00",69.12,69.37,68.75,69.2,290542
"2018-01-11 00:00:00",69.15,70.05,69,69.26,341936
"2018-01-12 00:00:00",69.15,69.93,68.59,69.87,302098
"2018-01-15 00:00:00",69.88,70.37,69.55,70.26,173464
"2018-01-16 00:00:00",70.05,70.13,68.83,69.15,322952
"2018-01-17 00:00:00",69.35,69.59,68.55,69.38,280419
"2018-01-18 00:00:00",69.53,69.63,68.8,69.31,270231
"2018-01-19 00:00:00",69.01,69.08,68.28,68.61,278360
"2018-01-22 00:00:00",68.8,69.51,68.39,69.03,250603
"2018-01-23 00:00:00",69.17,70.24,69.12,69.96,343734
"2018-01-24 00:00:00",69.97,70.94,69.54,70.53,308365
"2018-01-25 00:00:00",70.95,71.28,69.97,70.42,301926
"2018-01-26 00:00:00",70.07,70.83,70.05,70.52,227599
"2018-01-29 00:00:00",70.47,70.64,69.07,69.46,202236
"2018-01-30 00:00:00",69.3,69.39,68.4,69.02,135872
"2018-01-31 00:00:00",68.43,69.15,68.33,69.05,20433
"2018-02-01 00:00:00",69,69.97,68.81,69.65,336923
"2018-02-02 00:00:00",70,70.02,67.96,68.58,307134
"2018-02-05 00:00:00",68.15,68.46,66.9,67.62,335637
"2018-02-06 00:00:00",67.02,67.6,66.53,66.86,328847
"2018-02-07 00:00:00",67.2,67.72,65.16,65.51,567758
"2018-02-08 00:00:00",65.28,65.6,64.1,64.81,346318
"2018-02-09 00:00:00",64.44,64.64,61.77,62.79,399495
"2018-02-12 00:00:00",62.5,64.4,62.5,62.59,349667
"2018-02-13 00:00:00",62.85,63.1,61.76,62.72,367263
"2018-02-14 00:00:00",62.84,64.58,61.95,64.36,349099
"2018-02-15 00:00:00",64.44,65.15,63.12,64.33,292913
"2018-02-16 00:00:00",64.66,65.22,64.19,64.84,239577
"2018-02-19 00:00:00",64.96,65.9,64.84,65.67,125633
"2018-02-20 00:00:00",65.64,65.81,64.78,65.25,289165
"2018-02-21 00:00:00",65.05,65.53,64.4,65.42,245865
"2018-02-22 00:00:00",64.91,66.56,64.62,66.39,253001
"2018-02-23 00:00:00",66.3,67.37,65.79,67.31,201717
"2018-02-26 00:00:00",67.29,67.9,66.72,67.5,188304
"2018-02-27 00:00:00",67.57,67.61,66.32,66.63,106337
"2018-02-28 00:00:00",66.41,66.87,65.43,65.78,27394
"2018-03-01 00:00:00",64.57,65.04,63.19,63.83,340966
"2018-03-02 00:00:00",64.07,64.64,63.2,64.37,266382
"2018-03-05 00:00:00",64.65,65.88,64.1,65.54,261060
"2018-03-06 00:00:00",65.74,66.16,65.3,65.79,199793
"2018-03-07 00:00:00",65.23,65.8,63.83,64.34,332906
"2018-03-08 00:00:00",64.51,64.56,63.43,63.61,294786
"2018-03-09 00:00:00",63.93,65.63,63.69,65.49,286492
"2018-03-12 00:00:00",65.5,65.86,64.18,64.95,240034
"2018-03-13 00:00:00",64.92,65.68,64.05,64.64,320571
"2018-03-14 00:00:00",64.73,65.21,64.06,64.89,267591
"2018-03-15 00:00:00",64.9,65.38,64.61,65.12,208594
"2018-03-16 00:00:00",65.07,66.42,64.88,66.21,264214
"2018-03-19 00:00:00",66.01,66.39,65.39,66.05,272416
"2018-03-20 00:00:00",66.15,67.88,66.15,67.42,326466
"2018-03-21 00:00:00",67.61,69.86,67.48,69.47,401046
"2018-03-22 00:00:00",69.63,69.7,68.58,68.91,286629
"2018-03-23 00:00:00",69.11,70.57,68.87,70.45,283010
"2018-03-26 00:00:00",70.43,71.05,69.67,70.12,183689
"2018-03-27 00:00:00",70.13,71.03,69.45,70.11,131391
"2018-03-28 00:00:00",69.72,70.25,68.78,69.53,141890
"2018-03-29 00:00:00",69.86,70.44,69.1,70.27,25293
"2018-04-02 00:00:00",69.32,70.04,67.49,67.64,190053
"2018-04-03 00:00:00",67.63,68.46,67.62,68.12,232257
"2018-04-04 00:00:00",68.15,68.28,66.69,68.02,361479
"2018-04-05 00:00:00",68.36,68.93,67.73,68.33,270818
"2018-04-06 00:00:00",68.09,68.62,66.86,67.11,296092
"2018-04-09 00:00:00",67.1,68.8,67,68.65,257496
"2018-04-10 00:00:00",68.46,71.34,68.46,71.04,452335
"2018-04-11 00:00:00",71.03,73.09,70.57,72.06,495410
"2018-04-12 00:00:00",72.09,72.49,71.1,72.02,330212
"2018-04-13 00:00:00",71.94,72.88,71.56,72.58,328504
"2018-04-16 00:00:00",72.7,72.85,71.11,71.42,297437
"2018-04-17 00:00:00",71.65,71.89,70.83,71.58,315036
"2018-04-18 00:00:00",71.72,73.93,71.66,73.48,352649
"2018-04-19 00:00:00",73.72,74.75,73.46,73.78,393964
"2018-04-20 00:00:00",73.94,74.2,72.83,74.06,371895
"2018-04-23 00:00:00",73.77,75.1,73.13,74.71,317446
"2018-04-24 00:00:00",75.09,75.47,73.68,73.86,330603
"2018-04-25 00:00:00",74,74.19,73.17,74,275128
"2018-04-26 00:00:00",74.23,74.97,74.11,74.74,179479
"2018-04-27 00:00:00",74.72,75.03,74.35,74.64,156532
"2018-04-30 00:00:00",74.62,75.41,73.47,75.17,24760
"2018-05-01 00:00:00",74.65,74.98,72.74,73.13,360973
"2018-05-02 00:00:00",73.28,73.63,72.38,73.36,347055
"2018-05-03 00:00:00",73.07,74.09,72.47,73.62,382135
"2018-05-04 00:00:00",73.74,75.08,73.24,74.87,289860
"2018-05-07 00:00:00",75,76.34,74.83,76.17,230472
"2018-05-08 00:00:00",75.6,76.18,73.1,74.85,519797
"2018-05-09 00:00:00",76.19,77.43,76.08,77.21,364746
"2018-05-10 00:00:00",77.44,78,76.51,77.47,314193
"2018-05-11 00:00:00",77.55,77.6,76.95,77.12,261802
"2018-05-14 00:00:00",77.05,78.53,76.55,78.23,290126
"2018-05-15 00:00:00",78.42,79.47,77.9,78.43,390915
"2018-05-16 00:00:00",78.1,79.35,77.61,79.28,336573
"2018-05-17 00:00:00",79.26,80.5,79.12,79.3,330172
"2018-05-18 00:00:00",79.46,79.87,78.33,78.51,277277
"2018-05-21 00:00:00",78.61,79.59,78.1,79.22,245772
"2018-05-22 00:00:00",79.36,80.49,79.16,79.57,305307
"2018-05-23 00:00:00",79.47,79.85,78.21,79.8,292969
"2018-05-24 00:00:00",79.65,79.78,78.57,78.79,228579
"2018-05-25 00:00:00",78.82,78.88,76.01,76.44,275722
"2018-05-28 00:00:00",76.11,76.17,74.49,75.3,65102
"2018-05-29 00:00:00",75.82,76.2,74.54,75.39,114463
"2018-05-30 00:00:00",75.37,77.73,74.81,77.5,125329
"2018-05-31 00:00:00",77.37,78.75,77.04,77.59,21440
"2018-06-01 00:00:00",77.71,77.95,76.35,76.79,296571
"2018-06-04 00:00:00",76.66,76.95,75.2,75.29,324286
"2018-06-05 00:00:00",75.4,75.74,73.81,75.38,400846
"2018-06-06 00:00:00",75.19,76.25,74.46,75.36,365652
"2018-06-07 00:00:00",75.88,77.45,75.44,77.32,327984
"2018-06-08 00:00:00",77.39,77.61,76.12,76.46,251826
"2018-06-11 00:00:00",76.3,76.84,75.52,76.46,231283
"2018-06-12 00:00:00",76.5,77.07,75.43,75.88,260327
"2018-06-13 00:00:00",75.4,76.87,75.26,76.74,292469
"2018-06-14 00:00:00",76.56,76.92,75.76,75.94,279214
"2018-06-15 00:00:00",75.98,76.06,73,73.44,285802
"2018-06-18 00:00:00",73.06,75.49,72.45,75.34,316116
"2018-06-19 00:00:00",75.24,75.55,74.45,75.08,290589
"2018-06-20 00:00:00",75.2,75.86,74.1,74.74,368837
"2018-06-21 00:00:00",74.46,74.69,72.93,73.05,411809
"2018-06-22 00:00:00",73.24,75.83,73.24,75.55,377394
"2018-06-25 00:00:00",74.8,75.13,73.74,74.73,274377
"2018-06-26 00:00:00",74.74,76.72,74.13,76.31,289472
"2018-06-27 00:00:00",76.54,78.16,76.28,77.62,166193
"2018-06-28 00:00:00",77.5,78.42,77.09,77.85,144216
"2018-06-29 00:00:00",77.79,79.7,77.45,79.44,17120
"2018-07-02 00:00:00",78.55,78.95,77.16,77.3,265384
"2018-07-03 00:00:00",77.4,78.55,76.67,77.76,273456
"2018-07-04 00:00:00",77.89,78.28,77.61,78.24,97245
"2018-07-05 00:00:00",78.14,78.5,77.3,77.39,254024
"2018-07-06 00:00:00",77.57,77.68,76.36,77.11,315279
"2018-07-09 00:00:00",77.21,78.31,77.04,78.07,212186
"2018-07-10 00:00:00",78.25,79.51,78.15,78.86,261549
"2018-07-11 00:00:00",78.78,78.83,73.04,73.4,560842
"2018-07-12 00:00:00",74.17,75.1,72.67,74.45,416412
"2018-07-13 00:00:00",74.34,75.93,73.22,75.33,302426
"2018-07-16 00:00:00",74.92,75.37,71.52,71.84,330000
"2018-07-17 00:00:00",72.01,72.78,71.35,72.16,286435
"2018-07-18 00:00:00",71.74,73.28,71.19,72.9,287114
"2018-07-19 00:00:00",73.06,73.79,71.83,72.58,313811
"2018-07-20 00:00:00",72.65,73.47,72.26,73.07,231507
"2018-07-23 00:00:00",73.22,74.5,72.52,73.06,316980
"2018-07-24 00:00:00",72.91,74,72.68,73.44,215150
"2018-07-25 00:00:00",73.7,74.6,73.07,73.93,210868
"2018-07-26 00:00:00",74.37,74.83,73.77,74.54,183348
"2018-07-27 00:00:00",74.5,74.85,73.83,74.29,119340
"2018-07-30 00:00:00",74.31,75.27,74.14,74.97,81034
"2018-07-31 00:00:00",74.93,75.1,74.14,74.25,21877
"2018-08-01 00:00:00",74.07,74.12,72.13,72.39,284022
"2018-08-02 00:00:00",72.42,73.75,71.84,73.45,226453
"2018-08-03 00:00:00",73.37,73.73,72.48,73.21,175359
"2018-08-06 00:00:00",73.21,74.47,73.08,73.75,200582
"2018-08-07 00:00:00",73.61,74.9,73.57,74.65,228992
"2018-08-08 00:00:00",74.64,74.87,71.65,72.28,269509
"2018-08-09 00:00:00",72.16,72.89,71.86,72.07,197055
"2018-08-10 00:00:00",71.97,73.14,71.4,72.81,228741
"2018-08-13 00:00:00",73,73.09,71.04,72.61,220337
"2018-08-14 00:00:00",72.82,73.93,72.16,72.46,242747
"2018-08-15 00:00:00",72.22,72.44,70.3,70.76,298105
"2018-08-16 00:00:00",70.65,71.52,70.4,71.43,227201
"2018-08-17 00:00:00",71.35,72.49,71.25,71.83,217156
"2018-08-20 00:00:00",71.77,72.75,71.42,72.21,249098
"2018-08-21 00:00:00",72.15,72.95,72.05,72.63,201240
"2018-08-22 00:00:00",72.76,75,72.7,74.78,300689
"2018-08-23 00:00:00",74.72,74.87,74.21,74.73,199661
"2018-08-24 00:00:00",74.73,76.42,74.68,75.82,235091
"2018-08-27 00:00:00",75.54,76.34,75.39,76.21,101081
"2018-08-28 00:00:00",76.34,76.97,75.73,75.95,179659
"2018-08-29 00:00:00",75.99,77.42,75.67,77.14,130440
"2018-08-30 00:00:00",77.33,78.03,77.18,77.77,90218
"2018-08-31 00:00:00",77.53,77.79,77,77.42,25828
"2018-09-03 00:00:00",77.69,78.44,77.3,78.15,110912
"2018-09-04 00:00:00",78.19,79.72,77.44,78.17,320446
"2018-09-05 00:00:00",77.82,78.09,76.91,77.27,277124
"2018-09-06 00:00:00",77.02,77.77,75.64,76.5,274791
"2018-09-07 00:00:00",76.69,77.1,75.88,76.83,208999
"2018-09-10 00:00:00",77.08,77.92,76.9,77.37,244533
"2018-09-11 00:00:00",77.38,79.54,77.36,79.06,280309
"2018-09-12 00:00:00",79.42,80.13,78.75,79.74,315266
"2018-09-13 00:00:00",79.6,79.71,77.87,78.18,298144
"2018-09-14 00:00:00",78.45,78.94,77.37,78.09,261057
"2018-09-17 00:00:00",78.07,78.9,77.73,78.05,207609
"2018-09-18 00:00:00",77.78,79.73,77.46,79.03,259175
"2018-09-19 00:00:00",78.97,79.5,78.51,79.4,275872
"2018-09-20 00:00:00",79.44,79.83,78.51,78.7,300163
"2018-09-21 00:00:00",78.67,80.12,78.23,78.8,297574
"2018-09-24 00:00:00",78.97,81.48,78.97,81.2,243314
"2018-09-25 00:00:00",81.35,82.55,81.17,81.87,240400
"2018-09-26 00:00:00",81.45,82.22,81.1,81.34,130529
"2018-09-27 00:00:00",81.8,82.44,81.32,81.72,123998
"2018-09-28 00:00:00",81.63,82.87,81.6,82.72,19684
"2018-10-01 00:00:00",82.79,85.45,82.55,84.98,347526
"2018-10-02 00:00:00",84.95,85.38,84.31,84.8,268609
"2018-10-03 00:00:00",84.79,86.74,84.01,86.29,345222
"2018-10-04 00:00:00",85.99,86.43,84.14,84.58,361253
"2018-10-05 00:00:00",84.89,85.12,83.92,84.16,300619
"2018-10-08 00:00:00",84.17,84.31,82.66,83.91,290090
"2018-10-09 00:00:00",83.91,85.45,83.73,85,351396
"2018-10-10 00:00:00",84.98,85.17,82.26,83.09,319094
"2018-10-11 00:00:00",82.47,82.63,79.8,80.26,482510
"2018-10-12 00:00:00",80.28,81.48,79.23,80.43,373090
"2018-10-15 00:00:00",81,81.92,79.85,80.78,284648
"2018-10-16 00:00:00",80.88,81.75,79.8,81.41,329327
"2018-10-17 00:00:00",81.74,81.85,79.17,80.05,336595
"2018-10-18 00:00:00",80.23,80.31,78.69,79.29,359005
"2018-10-19 00:00:00",79.44,80.88,79.22,79.78,291069
"2018-10-22 00:00:00",80.11,80.41,78.99,79.83,269911
"2018-10-23 00:00:00",80.04,80.12,75.88,76.44,513715
"2018-10-24 00:00:00",76.35,77.57,75.11,76.17,366652
"2018-10-25 00:00:00",75.67,77.08,75.35,76.89,215235
"2018-10-26 00:00:00",76.6,77.91,75.77,77.62,229751
"2018-10-29 00:00:00",77.64,78.03,76.55,77.34,117939
"2018-10-30 00:00:00",76.82,77.32,75.09,75.91,115186
"2018-10-31 00:00:00",76.28,76.92,75.42,75.47,34697
"2018-11-01 00:00:00",74.69,74.99,72.56,72.89,360162
"2018-11-02 00:00:00",72.75,73.5,72.16,72.83,312874
"2018-11-05 00:00:00",72.85,74.13,72.26,73.17,231141
"2018-11-06 00:00:00",72.85,73.28,71.18,72.13,290879
"2018-11-07 00:00:00",71.66,73.55,71.36,72.07,361361
"2018-11-08 00:00:00",72.1,73.08,70.56,70.65,350468
"2018-11-09 00:00:00",70.87,70.99,69.13,70.18,292213
"2018-11-12 00:00:00",70.69,71.88,68.87,70.12,319229
"2018-11-13 00:00:00",69.13,69.68,64.61,65.47,445041
"2018-11-14 00:00:00",65.62,67.63,65.02,66.12,379718
"2018-11-15 00:00:00",66.12,67.42,65.77,66.62,316040
"2018-11-16 00:00:00",66.68,68.38,66.06,66.76,327717
"2018-11-19 00:00:00",66.99,67.64,65.27,66.79,262545
"2018-11-20 00:00:00",66.9,66.9,61.71,62.53,417010
"2018-11-21 00:00:00",62.6,64.48,62.56,63.48,334983
"2018-11-22 00:00:00",63.6,63.81,62.27,62.6,164108
"2018-11-23 00:00:00",62.58,62.79,58.41,58.8,279668
"2018-11-26 00:00:00",58.98,61.13,58.6,60.48,267383
"2018-11-27 00:00:00",60.39,61.4,58.92,60.21,271168
"2018-11-28 00:00:00",60.63,61.27,58.55,58.76,150813
"2018-11-29 00:00:00",59.12,60.37,57.5,59.51,94566
"2018-11-30 00:00:00",59.28,59.93,58.25,58.71,27015
"2018-12-03 00:00:00",59.98,62.6,59.85,61.69,294774
"2018-12-04 00:00:00",61.9,63.58,61.24,62.08,277419
"2018-12-05 00:00:00",61.35,63.29,60.8,61.56,256240
"2018-12-06 00:00:00",61.36,61.97,58.36,60.06,399988
"2018-12-07 00:00:00",60.25,63.73,59.1,61.67,423077
"2018-12-10 00:00:00",61.34,62.33,59.61,59.97,264954
"2018-12-11 00:00:00",59.91,61.1,59.58,60.2,235332
"2018-12-12 00:00:00",60.67,61.43,59.98,60.15,246916
"2018-12-13 00:00:00",60.29,62.02,59.33,61.45,252397
"2018-12-14 00:00:00",61.53,61.58,59.92,60.28,206560
"2018-12-17 00:00:00",60.25,61.21,58.64,59.61,246028
"2018-12-18 00:00:00",59,59.24,55.89,56.26,398563
"2018-12-19 00:00:00",56.51,58.11,56.04,57.24,319367
"2018-12-20 00:00:00",56.49,56.75,54.28,54.35,299454
"2018-12-21 00:00:00",54.97,55.33,52.79,53.82,226344
"2018-12-24 00:00:00",53.49,54.66,50.36,50.47,76222
"2018-12-26 00:00:00",50.84,55.29,49.93,54.47,77000
"2018-12-27 00:00:00",54.65,54.67,51.94,52.16,102589
"2018-12-28 00:00:00",53.44,53.8,51.6,52.2,17111
"2018-12-31 00:00:00",53,54.82,52.66,53.8,109109
"2019-01-02 00:00:00",54.12,56.56,52.51,54.91,300950
"2019-01-03 00:00:00",54.29,56.3,53.93,55.95,278356
"2019-01-04 00:00:00",55.67,58.31,55.34,57.06,321106
"2019-01-07 00:00:00",57.41,58.93,57.26,57.33,296583
"2019-01-08 00:00:00",57.64,58.87,57.13,58.72,288249
"2019-01-09 00:00:00",59.15,61.69,59.05,61.44,329048
"2019-01-10 00:00:00",61.15,61.91,60.44,61.68,300922
"2019-01-11 00:00:00",61.19,62.49,60.08,60.48,292786
"2019-01-14 00:00:00",60.62,61.04,58.9,58.99,263276
"2019-01-15 00:00:00",59.36,60.86,59.11,60.64,234362
"2019-01-16 00:00:00",60.42,61.45,60.03,61.32,315592
"2019-01-17 00:00:00",61.05,61.54,60.04,61.18,278415
"2019-01-18 00:00:00",61.33,63,61.32,62.7,288912
"2019-01-21 00:00:00",62.74,63.15,62.25,62.74,138080
"2019-01-22 00:00:00",62.59,62.71,60.57,61.5,283221
"2019-01-23 00:00:00",61.37,62.33,60.21,61.14,308458
"2019-01-24 00:00:00",61.02,61.51,60.41,61.09,274482
"2019-01-25 00:00:00",61.13,61.92,60.7,61.64,218031
"2019-01-28 00:00:00",61.49,61.69,59.49,59.93,214188
"2019-01-29 00:00:00",59.87,61.79,59.75,61.32,142125
"2019-01-30 00:00:00",61.26,62.67,61.04,61.65,90933
"2019-01-31 00:00:00",61.97,62.32,61.57,61.89,20629
"2019-02-01 00:00:00",61.06,62.97,60.46,62.75,267223
"2019-02-04 00:00:00",62.83,63.63,61.28,62.51,297433
"2019-02-05 00:00:00",62.64,63.02,61.72,61.98,215360
"2019-02-06 00:00:00",62.06,62.8,61.05,62.69,225570
"2019-02-07 00:00:00",62.5,62.91,60.6,61.63,286173
"2019-02-08 00:00:00",61.66,62.36,61.04,62.1,254945
"2019-02-11 00:00:00",62.11,62.34,60.9,61.51,280955
"2019-02-12 00:00:00",61.59,63.34,61.59,62.42,278798
"2019-02-13 00:00:00",62.7,63.98,62.69,63.61,269676
"2019-02-14 00:00:00",63.69,64.81,63.25,64.57,287452
"2019-02-15 00:00:00",64.86,66.39,64.42,66.25,290550
"2019-02-18 00:00:00",66.39,66.83,65.9,66.5,175243
"2019-02-19 00:00:00",66.44,66.65,65.58,66.45,246650
"2019-02-20 00:00:00",66.3,67.38,65.63,67.08,276479
"2019-02-21 00:00:00",67.05,67.31,66.69,67.07,245862
"2019-02-22 00:00:00",66.96,67.73,66.87,67.12,177620
"2019-02-25 00:00:00",66.97,67.47,64.54,64.76,220939
"2019-02-26 00:00:00",64.79,65.74,64.32,65.21,127595
"2019-02-27 00:00:00",65.64,66.7,65.27,66.39,102137
"2019-02-28 00:00:00",66.38,66.38,65.67,66.03,19669
"2019-03-01 00:00:00",66.48,67.14,64.59,65.07,297192
"2019-03-04 00:00:00",64.97,66.34,64.93,65.67,233538
"2019-03-05 00:00:00",65.46,66.23,65.04,65.86,216385
"2019-03-06 00:00:00",65.49,66.18,65.22,65.99,283198
"2019-03-07 00:00:00",65.88,67,65.75,66.3,276242
"2019-03-08 00:00:00",66.08,66.09,64.02,65.74,316389
"2019-03-11 00:00:00",65.76,66.75,65.63,66.58,247806
"2019-03-12 00:00:00",66.7,67.39,66.34,66.67,252126
"2019-03-13 00:00:00",66.91,67.76,66.7,67.55,243201
"2019-03-14 00:00:00",67.65,68.14,67.03,67.23,235989
"2019-03-15 00:00:00",67.18,67.71,66.13,67.16,254319
"2019-03-18 00:00:00",67.14,67.69,66.69,67.54,208526
"2019-03-19 00:00:00",67.49,68.2,67.13,67.61,234136
"2019-03-20 00:00:00",67.66,68.57,67.19,68.5,235485
"2019-03-21 00:00:00",68.38,68.69,67.59,67.86,303229
"2019-03-22 00:00:00",67.76,67.98,66.2,67.03,284522
"2019-03-25 00:00:00",67,67.65,66.36,67.21,216757
"2019-03-26 00:00:00",67.36,68.23,67.24,67.97,197540
"2019-03-27 00:00:00",67.9,68.35,67.19,67.83,148148
"2019-03-28 00:00:00",67.75,68,66.54,67.82,131643
"2019-03-29 00:00:00",68.01,68.89,67.81,68.39,20624
"2019-04-01 00:00:00",67.58,69.22,67.58,69.01,320766
"2019-04-02 00:00:00",69.22,69.58,68.69,69.37,299300
"2019-04-03 00:00:00",69.47,69.96,68.8,69.31,341499
"2019-04-04 00:00:00",69.44,70.03,68.87,69.4,281879
"2019-04-05 00:00:00",69.13,70.48,68.92,70.34,263869
"2019-04-08 00:00:00",70.56,71.19,70.43,71.1,288128
"2019-04-09 00:00:00",71.19,71.34,70.3,70.61,267491
"2019-04-10 00:00:00",70.82,71.78,70.57,71.73,288893
"2019-04-11 00:00:00",71.56,71.68,70.57,70.83,278088
"2019-04-12 00:00:00",70.95,71.87,70.9,71.55,237220
"2019-04-15 00:00:00",71.55,71.6,70.78,71.18,219152
"2019-04-16 00:00:00",71.21,71.95,70.74,71.72,273904
"2019-04-17 00:00:00",71.83,72.27,71.45,71.62,276611
"2019-04-18 00:00:00",71.63,72.04,71.2,71.97,259040
"2019-04-22 00:00:00",71.93,74.52,71.86,74.04,305172
"2019-04-23 00:00:00",74.38,74.73,73.99,74.51,308989
"2019-04-24 00:00:00",74.27,74.73,74.02,74.57,276670
"2019-04-25 00:00:00",74.46,75.6,74,74.35,309211
"2019-04-26 00:00:00",74.2,74.42,71.3,72.15,222889
"2019-04-29 00:00:00",71.56,72.5,71.06,72.04,147412
"2019-04-30 00:00:00",71.94,73.27,71.73,72.8,25336
"2019-05-01 00:00:00",71.73,72.36,71.3,72.18,230800
"2019-05-02 00:00:00",72,72.22,69.68,70.75,346632
"2019-05-03 00:00:00",70.48,71.54,69.95,70.85,249814
"2019-05-06 00:00:00",70.59,71.79,68.79,71.24,227024
"2019-05-07 00:00:00",71.15,71.33,69.38,69.88,332066
"2019-05-08 00:00:00",69.88,70.7,69.33,70.37,295443
"2019-05-09 00:00:00",70.23,70.65,69.4,70.39,328735
"2019-05-10 00:00:00",70.45,71.23,70.18,70.62,300458
"2019-05-13 00:00:00",70.83,72.58,69.72,70.23,373469
"2019-05-14 00:00:00",70.02,71.65,69.93,71.24,299769
"2019-05-15 00:00:00",70.9,72.25,70.42,71.77,272443
"2019-05-16 00:00:00",72.05,73.36,71.82,72.62,326435
"2019-05-17 00:00:00",72.82,73.23,71.79,72.21,255528
"2019-05-20 00:00:00",72.5,73.4,71.6,71.97,301978
"2019-05-21 00:00:00",72.15,72.52,71.63,72.18,303740
"2019-05-22 00:00:00",71.91,72.04,70.42,70.99,371518
"2019-05-23 00:00:00",70.86,70.97,67.02,67.76,434538
"2019-05-24 00:00:00",67.99,69.3,67.33,68.69,292087
"2019-05-27 00:00:00",69.15,70.23,68.53,70.11,72179
"2019-05-28 00:00:00",69.99,70.59,69.58,70.11,238881
"2019-05-29 00:00:00",70.1,70.1,68.08,69.45,148475
"2019-05-30 00:00:00",69.68,69.96,66.31,66.87,105271
"2019-05-31 00:00:00",66.24,66.28,64.37,64.49,21748
"2019-06-03 00:00:00",61.64,62.84,60.55,61.28,386555
"2019-06-04 00:00:00",61,62.12,60.21,61.97,370265
"2019-06-05 00:00:00",61.58,62.27,59.45,60.63,428010
"2019-06-06 00:00:00",60.4,62.43,60.22,61.67,343637
"2019-06-07 00:00:00",62.4,63.59,61.77,63.29,307962
"2019-06-10 00:00:00",63.58,64.1,62.05,62.29,278494
"2019-06-11 00:00:00",62.3,62.87,62.01,62.29,302739
"2019-06-12 00:00:00",61.79,61.85,59.57,59.97,343207
"2019-06-13 00:00:00",59.94,62.64,59.78,61.31,435419
"2019-06-14 00:00:00",61.25,62.57,60.74,62.01,262307
"2019-06-17 00:00:00",62.07,62.37,60.74,60.94,236161
"2019-06-18 00:00:00",60.93,62.84,60.25,62.14,327700
"2019-06-19 00:00:00",62.4,62.55,61.4,61.82,320057
"2019-06-20 00:00:00",62.45,64.82,62.4,64.45,394165
"2019-06-21 00:00:00",64.86,65.76,64,65.2,257918
"2019-06-24 00:00:00",65.5,65.79,64.08,64.86,217443
"2019-06-25 00:00:00",64.89,65.98,64.17,65.05,205803
"2019-06-26 00:00:00",65.8,66.85,65.6,66.49,141948
"2019-06-27 00:00:00",66.05,66.82,65.63,66.55,103162
"2019-06-28 00:00:00",66.51,66.84,66.08,66.55,34615
"2019-07-01 00:00:00",65.05,66.75,64.22,65.06,361414
"2019-07-02 00:00:00",64.8,65.51,62.22,62.4,386941
"2019-07-03 00:00:00",62.9,64.01,62.09,63.82,282110
"2019-07-04 00:00:00",63.88,64.07,62.95,63.3,114984
"2019-07-05 00:00:00",63.27,64.52,62.91,64.23,203540
"2019-07-08 00:00:00",64.34,65.14,63.79,64.11,253820
"2019-07-09 00:00:00",63.81,64.75,63.76,64.16,263889
"2019-07-10 00:00:00",64.78,67.12,64.63,67.01,349513
"2019-07-11 00:00:00",66.81,67.65,66.43,66.52,283017
"2019-07-12 00:00:00",66.83,67.29,66.51,66.72,244702
"2019-07-15 00:00:00",66.87,67.47,66.11,66.48,283089
"2019-07-16 00:00:00",66.31,67.09,63.82,64.35,356735
"2019-07-17 00:00:00",64.44,65.28,63.22,63.66,274930
"2019-07-18 00:00:00",63.52,64.46,61.29,61.93,374891
"2019-07-19 00:00:00",62.5,63.37,61.83,62.47,298982
"2019-07-22 00:00:00",63.05,64.03,62.77,63.26,267778
"2019-07-23 00:00:00",63.26,64.46,62.66,63.83,272729
"2019-07-24 00:00:00",64.13,64.66,62.59,63.18,301507
"2019-07-25 00:00:00",63.21,64.23,63.01,63.39,169836
"2019-07-26 00:00:00",63.28,63.96,63.01,63.46,159856
"2019-07-29 00:00:00",63.32,63.9,62.92,63.71,101701
"2019-07-30 00:00:00",63.91,65.14,63.9,64.72,86101
"2019-07-31 00:00:00",64.95,65.42,64.95,65.17,18763
"2019-08-01 00:00:00",64.09,64.54,60.02,60.5,433719
"2019-08-02 00:00:00",61.16,62.95,60.98,61.89,364137
"2019-08-05 00:00:00",61.46,61.56,59.66,59.81,378858
"2019-08-06 00:00:00",59.56,60.56,58.55,58.94,328149
"2019-08-07 00:00:00",58.68,59.23,55.88,56.23,485190
"2019-08-08 00:00:00",57.48,58.01,56.77,57.38,299685
"2019-08-09 00:00:00",57.74,59.1,57.11,58.53,281803
"2019-08-12 00:00:00",58.3,58.88,57.88,58.57,221349
"2019-08-13 00:00:00",58.47,61.5,58,61.3,338076
"2019-08-14 00:00:00",61.07,61.08,58.21,59.48,320431
"2019-08-15 00:00:00",59.07,59.42,57.67,58.23,298674
"2019-08-16 00:00:00",58.41,59.5,58.28,58.64,209433
"2019-08-19 00:00:00",58.72,59.92,58.64,59.74,211453
"2019-08-20 00:00:00",59.68,60.32,58.95,60.03,245249
"2019-08-21 00:00:00",60.11,61.41,60.07,60.3,269681
"2019-08-22 00:00:00",60.43,60.89,59.47,59.92,276113
"2019-08-23 00:00:00",60.11,60.29,58.3,59.34,321242
"2019-08-26 00:00:00",58.35,60.17,58.24,58.7,183297
"2019-08-27 00:00:00",58.8,60.17,58.51,59.51,218373
"2019-08-28 00:00:00",60.04,61,59.8,60.49,134262
"2019-08-29 00:00:00",60.48,61.19,59.98,61.08,131090
"2019-08-30 00:00:00",60.98,61.17,60.25,60.43,25136
"2019-09-02 00:00:00",58.8,59.26,58.1,58.66,121642
"2019-09-03 00:00:00",58.54,58.87,57.23,58.26,265120
"2019-09-04 00:00:00",58.17,60.96,58.13,60.7,283104
"2019-09-05 00:00:00",60.49,62.4,60.25,60.95,292058
"2019-09-06 00:00:00",60.81,61.88,59.4,61.54,287357
"2019-09-09 00:00:00",61.6,63,61.57,62.59,249708
"2019-09-10 00:00:00",62.82,63.78,62.17,62.38,267549
"2019-09-11 00:00:00",62.88,63.27,60.52,60.81,315118
"2019-09-12 00:00:00",61.16,61.39,58.92,60.38,358089
"2019-09-13 00:00:00",60.45,60.81,59.6,60.22,195827
"2019-09-16 00:00:00",66.45,71.95,64.75,69.02,735539
"2019-09-17 00:00:00",68.15,69.26,63.55,64.55,620494
"2019-09-18 00:00:00",64.23,64.99,63.04,63.6,295047
"2019-09-19 00:00:00",63.51,65.57,63.46,64.4,258848
"2019-09-20 00:00:00",65,65.28,64.05,64.28,224881
"2019-09-23 00:00:00",65.23,65.5,63.53,64.77,204777
"2019-09-24 00:00:00",64.4,64.6,62.3,63.1,216276
"2019-09-25 00:00:00",62.44,62.81,61.23,62.39,201466
"2019-09-26 00:00:00",62.58,62.92,61.45,62.74,115573
"2019-09-27 00:00:00",62.48,62.75,60.76,61.91,97328
"2019-09-30 00:00:00",62.24,62.24,60.73,60.78,22010
"2019-10-01 00:00:00",59.38,60.1,58.41,58.89,291672
"2019-10-02 00:00:00",59.25,59.5,57.22,57.69,307905
"2019-10-03 00:00:00",57.54,57.99,56.15,57.71,336903
"2019-10-04 00:00:00",57.69,58.96,57.67,58.37,299922
"2019-10-07 00:00:00",58.02,59.68,58.02,58.35,228408
"2019-10-08 00:00:00",58.47,58.92,57.38,58.24,274743
"2019-10-09 00:00:00",58.02,59.35,57.91,58.32,266484
"2019-10-10 00:00:00",58.04,59.6,57.8,59.1,262531
"2019-10-11 00:00:00",59.53,60.69,59.21,60.51,367632
"2019-10-14 00:00:00",60.69,60.73,58.5,59.35,283065
"2019-10-15 00:00:00",59.3,59.68,58,58.74,305682
"2019-10-16 00:00:00",58.9,59.75,58.36,59.42,257875
"2019-10-17 00:00:00",58.99,60.04,58.69,59.91,269842
"2019-10-18 00:00:00",59.78,60.29,59.01,59.42,228144
"2019-10-21 00:00:00",59.23,59.55,58.26,58.96,212574
"2019-10-22 00:00:00",59.05,60.26,58.75,59.7,260598
"2019-10-23 00:00:00",59.48,61.3,58.85,61.17,313229
"2019-10-24 00:00:00",60.99,61.9,60.64,61.67,215542
"2019-10-25 00:00:00",61.5,62.11,60.93,62.02,204446
"2019-10-28 00:00:00",62.04,62.34,61.19,61.57,167855
"2019-10-29 00:00:00",61.61,61.98,60.66,61.59,136930
"2019-10-30 00:00:00",61.6,61.93,60.45,60.61,105869
"2019-10-31 00:00:00",60.57,61.13,60.07,60.23,13898
"2019-11-01 00:00:00",59.45,61.82,59.4,61.69,236093
"2019-11-04 00:00:00",61.8,62.78,61.28,62.13,235379
"2019-11-05 00:00:00",62.04,63.19,61.85,62.96,231665
"2019-11-06 00:00:00",62.78,63.32,61.59,61.74,275935
"2019-11-07 00:00:00",61.73,62.89,61.65,62.29,261072
"2019-11-08 00:00:00",62.29,62.7,60.66,62.51,287672
"2019-11-11 00:00:00",62.6,62.76,61.57,62.18,213342
"2019-11-12 00:00:00",62.11,62.85,61.82,62.06,238171
"2019-11-13 00:00:00",61.85,62.74,61.22,62.37,273025
"2019-11-14 00:00:00",62.61,63.21,62.15,62.28,234780
"2019-11-15 00:00:00",62.47,63.65,61.7,63.3,255681
"2019-11-18 00:00:00",63.36,63.57,61.94,62.44,228249
"2019-11-19 00:00:00",62.28,62.57,60.7,60.91,296802
"2019-11-20 00:00:00",60.94,62.8,60.3,62.4,343310
"2019-11-21 00:00:00",62.22,64.03,61.92,63.97,318487
"2019-11-22 00:00:00",63.62,64.27,62.98,63.39,228744
"2019-11-25 00:00:00",63.6,63.8,62.97,63.65,212053
"2019-11-26 00:00:00",63.7,64.32,63.44,64.27,181095
"2019-11-27 00:00:00",64.02,64.6,63.51,64.06,125474
"2019-11-28 00:00:00",63.91,64,63.19,63.87,96083
"2019-11-29 00:00:00",63.77,63.86,62.36,62.43,19645
"2019-12-02 00:00:00",60.73,62.09,60.72,60.92,297874
"2019-12-03 00:00:00",61.05,61.58,60.3,60.82,248550
"2019-12-04 00:00:00",61.08,63.51,61,63,319042
"2019-12-05 00:00:00",62.97,63.91,62.75,63.39,294838
"2019-12-06 00:00:00",63.41,64.88,62.83,64.39,314600
"2019-12-09 00:00:00",64.29,64.5,63.61,64.25,239772
"2019-12-10 00:00:00",64.03,64.69,63.78,64.34,235193
"2019-12-11 00:00:00",64,64.26,63.01,63.72,250138
"2019-12-12 00:00:00",63.9,64.85,63.87,64.2,238305
"2019-12-13 00:00:00",64.56,65.79,64.5,65.22,232747
"2019-12-16 00:00:00",65.05,65.66,64.88,65.34,186087
"2019-12-17 00:00:00",65.31,66.24,65.12,66.1,245832
"2019-12-18 00:00:00",65.89,66.41,65.56,66.16,0
"2019-12-19 00:00:00",66.21,66.22,66.12,66.16,0
